source_path,source_revision,source_blob_sha,name,declaration_kind,source_line,teaching_unit,manuscript_path,interface_notes,source_url,source_end_line,state_owner,semantic_purpose,teaching_section,teaching_anchor,teaching_depth,coverage_status,related_teaching
112-cc-stmt.fth,bbcc1732152af2d884737272eed870d2410ffe8e,ff9f637d7f2d617ef85bbaad2bbd6ba28da519f2,cc-parse-stmt-fwd,defer,17,C16,chapters/16-conditions-and-loops.md,The binding stores a Forth execution token; it does not emit a C call or create a target function pointer.,https://github.com/delta9000/seed-forth/blob/bbcc1732152af2d884737272eed870d2410ffe8e/112-cc-stmt.fth#L17-L17,17,Statement parser family; installed once after all bodies are defined,Provide the deferred builder call target that closes mutual recursion between dispatcher and body parsers.,Reference: statement boundaries and recursive branches,reference-statement-boundaries-and-recursive-branches,interface-and-binding,taught,
112-cc-stmt.fth,bbcc1732152af2d884737272eed870d2410ffe8e,ff9f637d7f2d617ef85bbaad2bbd6ba28da519f2,cc-parse-compound,colon,22,C16,chapters/16-conditions-and-loops.md,Scope pop does not reclaim arena objects or lower the function slot counter. The loop has no separate EOF recovery branch.,https://github.com/delta9000/seed-forth/blob/bbcc1732152af2d884737272eed870d2410ffe8e/112-cc-stmt.fth#L22-L33,33,Current block owns a symbol-count scope marker,"With opening brace already consumed, read/replay each body token through the deferred dispatcher until the closing brace is consumed, then restore symbol visibility.",A compound owns its closing brace,a-compound-owns-its-closing-brace,complete-mechanism,taught,
112-cc-stmt.fth,bbcc1732152af2d884737272eed870d2410ffe8e,ff9f637d7f2d617ef85bbaad2bbd6ba28da519f2,cc-parse-if,colon,49,C16,chapters/16-conditions-and-loops.md,Inner recursive if parsing gets the first opportunity to consume else; saved fields are builder-stack values.,https://github.com/delta9000/seed-forth/blob/bbcc1732152af2d884737272eed870d2410ffe8e/112-cc-stmt.fth#L49-L70,70,This if owns its JZ field and any later end-JMP field across recursive body calls,"Emit condition/test/JZ; parse the then-body; commit an else by inserting and patching two edges, or put back the next token and patch the single exit.",Reference: both if completion paths,reference-both-if-completion-paths,complete-mechanism,taught,
112-cc-stmt.fth,bbcc1732152af2d884737272eed870d2410ffe8e,ff9f637d7f2d617ef85bbaad2bbd6ba28da519f2,cc-emit-jmp-vaddr,colon,82,C16,chapters/16-conditions-and-loops.md,The target argument is absolute; the emitted instruction remains relative. Total width is five bytes; fitting rel32 is an assumption.,https://github.com/delta9000/seed-forth/blob/bbcc1732152af2d884737272eed870d2410ffe8e/112-cc-stmt.fth#L82-L85,85,Emitter consumes one known target virtual address,Append E9 and a four-byte field equal to target minus the virtual address just after the field.,A known destination still becomes a relative instruction,a-known-destination-still-becomes-a-relative-instruction,complete-mechanism,taught,
112-cc-stmt.fth,bbcc1732152af2d884737272eed870d2410ffe8e,ff9f637d7f2d617ef85bbaad2bbd6ba28da519f2,cc-emit-jnz-vaddr,colon,89,C16,chapters/16-conditions-and-loops.md,Total width is six bytes. The do/while consumer supplies its body-top address after testing the condition.,https://github.com/delta9000/seed-forth/blob/bbcc1732152af2d884737272eed870d2410ffe8e/112-cc-stmt.fth#L89-L93,93,Emitter consumes one known target virtual address,Append 0F 85 and a four-byte field equal to target minus the virtual address just after the field.,A known destination still becomes a relative instruction,a-known-destination-still-becomes-a-relative-instruction,complete-mechanism,taught,
112-cc-stmt.fth,bbcc1732152af2d884737272eed870d2410ffe8e,ff9f637d7f2d617ef85bbaad2bbd6ba28da519f2,cc-emit-je-vaddr,colon,97,C17,chapters/17-switches-labels-and-nonlocal-control.md,A six-byte equality branch selects a body after its comparison; reverse selector order does not reverse source-order fall-through.,https://github.com/delta9000/seed-forth/blob/bbcc1732152af2d884737272eed870d2410ffe8e/112-cc-stmt.fth#L97-L101,101,Switch dispatch consumes a recorded case-body virtual address,Append 0F 84 and the four-byte displacement from field end to the known body address.,Work a complete switch layout,work-a-complete-switch-layout,complete-mechanism,taught,chapters/16-conditions-and-loops.md#a-known-destination-still-becomes-a-relative-instruction
112-cc-stmt.fth,bbcc1732152af2d884737272eed870d2410ffe8e,ff9f637d7f2d617ef85bbaad2bbd6ba28da519f2,cc-break-stack-head,variable,118,C16,chapters/16-conditions-and-loops.md,"Loops and switches save/replace/restore this cell; nodes belong to the arena, not the generated stack.",https://github.com/delta9000/seed-forth/blob/bbcc1732152af2d884737272eed870d2410ffe8e/112-cc-stmt.fth#L118-L118,118,Innermost loop or switch temporarily owns the active break head,Store the builder pointer to a two-cell list of unfinished break rel32 fields; zero means no node.,Give each enclosing construct its own lists,give-each-enclosing-construct-its-own-lists,state-contract,taught,chapters/17-switches-labels-and-nonlocal-control.md#a-switch-gives-break-a-cleanup-destination
112-cc-stmt.fth,bbcc1732152af2d884737272eed870d2410ffe8e,ff9f637d7f2d617ef85bbaad2bbd6ba28da519f2,cc-continue-stack-head,variable,119,C16,chapters/16-conditions-and-loops.md,Loops save/replace/restore it; switches retain it so continue still reaches the enclosing loop.,https://github.com/delta9000/seed-forth/blob/bbcc1732152af2d884737272eed870d2410ffe8e/112-cc-stmt.fth#L119-L119,119,Innermost loop temporarily owns the active continue head,Store the builder pointer to unfinished continue rel32 fields.,Give each enclosing construct its own lists,give-each-enclosing-construct-its-own-lists,state-contract,taught,
112-cc-stmt.fth,bbcc1732152af2d884737272eed870d2410ffe8e,ff9f637d7f2d617ef85bbaad2bbd6ba28da519f2,cc-fixup-target-tmp,variable,121,C16,chapters/16-conditions-and-loops.md,The walkers do not recursively invoke one another; the scratch cell is not per-node storage.,https://github.com/delta9000/seed-forth/blob/bbcc1732152af2d884737272eed870d2410ffe8e/112-cc-stmt.fth#L121-L121,121,One nonrecursive generic patch walk borrows shared builder scratch,Hold the destination virtual address while traversing a rel32 or imm64 fixup list.,Give each enclosing construct its own lists,give-each-enclosing-construct-its-own-lists,state-contract,taught,chapters/10-calls-literals-and-deferred-addresses.md#open-the-patch-walkers-now
112-cc-stmt.fth,bbcc1732152af2d884737272eed870d2410ffe8e,ff9f637d7f2d617ef85bbaad2bbd6ba28da519f2,cc-for-top-vaddr,variable,122,C16,chapters/16-conditions-and-loops.md,All four cells are saved before initialization and restored after list restoration and scope pop; the lexer mark contains none of them.,https://github.com/delta9000/seed-forth/blob/bbcc1732152af2d884737272eed870d2410ffe8e/112-cc-stmt.fth#L122-L122,122,Current for owns one scratch tuple; nested for saves and restores the outer tuple,Retain the current for condition-top target address while its body and step are emitted.,Keep the outer for's state,keep-the-outer-fors-state,state-contract,taught,
112-cc-stmt.fth,bbcc1732152af2d884737272eed870d2410ffe8e,ff9f637d7f2d617ef85bbaad2bbd6ba28da519f2,cc-for-end-fixup,variable,123,C16,chapters/16-conditions-and-loops.md,All four cells are saved before initialization and restored after list restoration and scope pop; the lexer mark contains none of them.,https://github.com/delta9000/seed-forth/blob/bbcc1732152af2d884737272eed870d2410ffe8e/112-cc-stmt.fth#L123-L123,123,Current for owns one scratch tuple; nested for saves and restores the outer tuple,Retain the current for condition-JZ field offset until the back edge has been emitted.,Keep the outer for's state,keep-the-outer-fors-state,state-contract,taught,
112-cc-stmt.fth,bbcc1732152af2d884737272eed870d2410ffe8e,ff9f637d7f2d617ef85bbaad2bbd6ba28da519f2,cc-for-step-start,variable,124,C16,chapters/16-conditions-and-loops.md,All four cells are saved before initialization and restored after list restoration and scope pop; the lexer mark contains none of them.,https://github.com/delta9000/seed-forth/blob/bbcc1732152af2d884737272eed870d2410ffe8e/112-cc-stmt.fth#L124-L124,124,Current for owns one scratch tuple; nested for saves and restores the outer tuple,Retain the inclusive source-byte offset at which the step replay window begins.,Keep the outer for's state,keep-the-outer-fors-state,state-contract,taught,
112-cc-stmt.fth,bbcc1732152af2d884737272eed870d2410ffe8e,ff9f637d7f2d617ef85bbaad2bbd6ba28da519f2,cc-for-step-end,variable,125,C16,chapters/16-conditions-and-loops.md,All four cells are saved before initialization and restored after list restoration and scope pop; the lexer mark contains none of them.,https://github.com/delta9000/seed-forth/blob/bbcc1732152af2d884737272eed870d2410ffe8e/112-cc-stmt.fth#L125-L125,125,Current for owns one scratch tuple; nested for saves and restores the outer tuple,"Retain the exclusive replay boundary at the matching header close parenthesis, computed as source position minus one.",Keep the outer for's state,keep-the-outer-fors-state,state-contract,taught,
112-cc-stmt.fth,bbcc1732152af2d884737272eed870d2410ffe8e,ff9f637d7f2d617ef85bbaad2bbd6ba28da519f2,cc-add-break-fixup,colon,130,C16,chapters/16-conditions-and-loops.md,Calls cc-add-fixup-to-list with cc-break-stack-head; the helper does not choose the eventual destination.,https://github.com/delta9000/seed-forth/blob/bbcc1732152af2d884737272eed870d2410ffe8e/112-cc-stmt.fth#L130-L131,131,Active enclosing break owner; generic node allocator receives the head-cell address,Prepend a supplied output field offset to the active break list.,Give each enclosing construct its own lists,give-each-enclosing-construct-its-own-lists,consumer-adapter,taught,
112-cc-stmt.fth,bbcc1732152af2d884737272eed870d2410ffe8e,ff9f637d7f2d617ef85bbaad2bbd6ba28da519f2,cc-add-continue-fixup,colon,133,C16,chapters/16-conditions-and-loops.md,"Calls cc-add-fixup-to-list with cc-continue-stack-head; while, for and do supply different destinations.",https://github.com/delta9000/seed-forth/blob/bbcc1732152af2d884737272eed870d2410ffe8e/112-cc-stmt.fth#L133-L134,134,Active enclosing loop; generic node allocator receives the head-cell address,Prepend a supplied output field offset to the active continue list.,Give each enclosing construct its own lists,give-each-enclosing-construct-its-own-lists,consumer-adapter,taught,
112-cc-stmt.fth,bbcc1732152af2d884737272eed870d2410ffe8e,ff9f637d7f2d617ef85bbaad2bbd6ba28da519f2,cc-walk-and-patch-to-vaddr,colon,139,C16,chapters/16-conditions-and-loops.md,Does not clear the owner head or free nodes. C10 opens the complete walker; C16 retrieves it for loop-owned lists.,https://github.com/delta9000/seed-forth/blob/bbcc1732152af2d884737272eed870d2410ffe8e/112-cc-stmt.fth#L139-L155,155,Caller owns the head; generic walker owns only traversal and shared target scratch,"Walk 16-byte {field-offset,next} nodes and patch each four-byte field with target-(base+offset+4).",Give each enclosing construct its own lists,give-each-enclosing-construct-its-own-lists,consumer-retrieval,taught,chapters/10-calls-literals-and-deferred-addresses.md#open-the-patch-walkers-now
112-cc-stmt.fth,bbcc1732152af2d884737272eed870d2410ffe8e,ff9f637d7f2d617ef85bbaad2bbd6ba28da519f2,cc-walk-and-patch-imm64-to-vaddr,colon,161,C16,chapters/16-conditions-and-loops.md,Not a branch-displacement walker and not a native goto-node walker. C10 opens the full body; C18 and C19 use it for function addresses.,https://github.com/delta9000/seed-forth/blob/bbcc1732152af2d884737272eed870d2410ffe8e/112-cc-stmt.fth#L161-L171,171,Function-symbol owner supplies a two-cell address-fixup list,"Walk {field-offset,next} nodes and overwrite each eight-byte immediate with the absolute target address.",Give each enclosing construct its own lists,give-each-enclosing-construct-its-own-lists,consumer-retrieval,taught,chapters/10-calls-literals-and-deferred-addresses.md#open-the-patch-walkers-now; chapters/18-functions-and-call-frame-accounting.md#trace-the-two-lists-and-the-saved-count
112-cc-stmt.fth,bbcc1732152af2d884737272eed870d2410ffe8e,ff9f637d7f2d617ef85bbaad2bbd6ba28da519f2,cc-walk-and-patch-fixups,colon,174,C16,chapters/16-conditions-and-loops.md,Does not itself clear a head cell; callers restore or clear their ownership state separately.,https://github.com/delta9000/seed-forth/blob/bbcc1732152af2d884737272eed870d2410ffe8e/112-cc-stmt.fth#L174-L176,176,Enclosing construct knows the destination when it invokes this adapter,Read the current output virtual address and delegate the supplied list head to the generic rel32 walker.,Give each enclosing construct its own lists,give-each-enclosing-construct-its-own-lists,consumer-adapter,taught,
112-cc-stmt.fth,bbcc1732152af2d884737272eed870d2410ffe8e,ff9f637d7f2d617ef85bbaad2bbd6ba28da519f2,cc-parse-while,colon,192,C16,chapters/16-conditions-and-loops.md,"Body parsing preserves the saved top and exit field on builder stacks; condition evaluation, not merely its TEST, is the continue destination.",https://github.com/delta9000/seed-forth/blob/bbcc1732152af2d884737272eed870d2410ffe8e/112-cc-stmt.fth#L192-L226,226,Current loop owns break/continue heads and loop-entry switch-depth snapshot,"Save outer state, record condition top, emit condition/JZ and body, patch continues to condition top, emit back JMP, patch condition/break exits after it, then restore outer state.",Read the complete while body,read-the-complete-while-body,complete-mechanism,taught,
112-cc-stmt.fth,bbcc1732152af2d884737272eed870d2410ffe8e,ff9f637d7f2d617ef85bbaad2bbd6ba28da519f2,cc-parse-for,colon,247,C16,chapters/16-conditions-and-loops.md,"Restores all eight lexer cells plus separately saved source length, not output or arena allocations; it does not install the original step line number for replay diagnostics.",https://github.com/delta9000/seed-forth/blob/bbcc1732152af2d884737272eed870d2410ffe8e/112-cc-stmt.fth#L247-L352,352,"Current for owns scope, four scratch cells, two jump-list heads and loop switch-depth; replay owns a fresh lexer mark","Emit init and condition, capture the step token interval, emit body, patch continues to step start, replay step under a temporary source limit, restore reader state, emit back edge and complete exits.",A for separates source order from execution order,a-for-separates-source-order-from-execution-order,complete-mechanism,taught,chapters/16-conditions-and-loops.md#read-the-complete-replay-block; chapters/16-conditions-and-loops.md#for-completion-order
112-cc-stmt.fth,bbcc1732152af2d884737272eed870d2410ffe8e,ff9f637d7f2d617ef85bbaad2bbd6ba28da519f2,cc-parse-do-while,colon,367,C16,chapters/16-conditions-and-loops.md,No initial condition-JZ exists; continue must not bypass the test by targeting the body top.,https://github.com/delta9000/seed-forth/blob/bbcc1732152af2d884737272eed870d2410ffe8e/112-cc-stmt.fth#L367-L400,400,Current loop owns two heads and loop-entry switch-depth snapshot,"Record body top, parse body, patch continues to condition start, consume while(expression);, emit test/JNZ to body top, patch breaks after JNZ and restore outer state.",Read the complete do closure,read-the-complete-do-closure,complete-mechanism,taught,
112-cc-stmt.fth,bbcc1732152af2d884737272eed870d2410ffe8e,ff9f637d7f2d617ef85bbaad2bbd6ba28da519f2,cc-switch-cases-head,variable,431,C17,chapters/17-switches-labels-and-nonlocal-control.md,This is neither a generic 16-byte jump list nor a native goto list.,https://github.com/delta9000/seed-forth/blob/bbcc1732152af2d884737272eed870d2410ffe8e/112-cc-stmt.fth#L431-L431,431,Innermost switch saves/replaces/restores the outer head,"Store the head of 24-byte {constant,body-vaddr,next} builder records, prepended in reverse source order.",Source detail: case-node storage and traversal,source-detail-case-node-storage-and-traversal,state-contract,taught,
112-cc-stmt.fth,bbcc1732152af2d884737272eed870d2410ffe8e,ff9f637d7f2d617ef85bbaad2bbd6ba28da519f2,cc-switch-default-vaddr,variable,432,C17,chapters/17-switches-labels-and-nonlocal-control.md,A later default overwrites this cell; no duplicate-default rejection is introduced by this storage.,https://github.com/delta9000/seed-forth/blob/bbcc1732152af2d884737272eed870d2410ffe8e/112-cc-stmt.fth#L432-L432,432,Innermost switch saves/replaces/restores the outer default target,"Hold the current default body address, with zero denoting no default recorded.",Reading case and default labels,reading-case-and-default-labels,state-contract,taught,
112-cc-stmt.fth,bbcc1732152af2d884737272eed870d2410ffe8e,ff9f637d7f2d617ef85bbaad2bbd6ba28da519f2,cc-switch-type,variable,433,C17,chapters/17-switches-labels-and-nonlocal-control.md,The effective integer-use/type providers are profile-dependent; storing a type is not itself complete C switch validation.,https://github.com/delta9000/seed-forth/blob/bbcc1732152af2d884737272eed870d2410ffe8e/112-cc-stmt.fth#L433-L433,433,Innermost switch saves/restores the outer promoted controlling type,Retain cc-unary-type of the expression type for LP64 case conversion.,Native detail: convert before choosing comparison width,native-detail-convert-before-choosing-comparison-width,state-contract,taught,
112-cc-stmt.fth,bbcc1732152af2d884737272eed870d2410ffe8e,ff9f637d7f2d617ef85bbaad2bbd6ba28da519f2,cc-add-switch-case,colon,439,C17,chapters/17-switches-labels-and-nonlocal-control.md,Does not emit target instructions or diagnose duplicate case constants; distinct-case examples are an explicit premise.,https://github.com/delta9000/seed-forth/blob/bbcc1732152af2d884737272eed870d2410ffe8e/112-cc-stmt.fth#L439-L445,445,Current switch owns the active case head; arena owns allocated records,"Allocate 24 bytes, store K at +0 and body virtual address at +8, link old head at +16, then install the new head.",Source detail: case-node storage and traversal,source-detail-case-node-storage-and-traversal,complete-mechanism,taught,
112-cc-stmt.fth,bbcc1732152af2d884737272eed870d2410ffe8e,ff9f637d7f2d617ef85bbaad2bbd6ba28da519f2,cc-switch-label,colon,449,C17,chapters/17-switches-labels-and-nonlocal-control.md,Legacy is an identity operation. Conversion precedes choosing compare width.,https://github.com/delta9000/seed-forth/blob/bbcc1732152af2d884737272eed870d2410ffe8e/112-cc-stmt.fth#L449-L456,456,Current switch type selects conversion; helper consumes and returns the constant,"Under LP64 and a four-byte controlling type, mask to 32 bits and sign-extend when signed; otherwise leave K unchanged.",Native detail: convert before choosing comparison width,native-detail-convert-before-choosing-comparison-width,complete-profile-branch,taught,
112-cc-stmt.fth,bbcc1732152af2d884737272eed870d2410ffe8e,ff9f637d7f2d617ef85bbaad2bbd6ba28da519f2,cc-switch-case,colon,463,C17,chapters/17-switches-labels-and-nonlocal-control.md,Constant evaluation is builder work. This helper records a label but emits no body instruction.,https://github.com/delta9000/seed-forth/blob/bbcc1732152af2d884737272eed870d2410ffe8e/112-cc-stmt.fth#L463-L467,467,Current switch owns the new body-address record,"Compute the constant now, apply the profile conversion, require a colon (error 170 otherwise), and record the current output virtual address.",Reading case and default labels,reading-case-and-default-labels,complete-mechanism,taught,
112-cc-stmt.fth,bbcc1732152af2d884737272eed870d2410ffe8e,ff9f637d7f2d617ef85bbaad2bbd6ba28da519f2,cc-switch-default,colon,471,C17,chapters/17-switches-labels-and-nonlocal-control.md,Does not allocate a case node or diagnose a previously stored default.,https://github.com/delta9000/seed-forth/blob/bbcc1732152af2d884737272eed870d2410ffe8e/112-cc-stmt.fth#L471-L473,473,Current switch owns the separate default cell,Consume the required colon and store current output virtual address as default.,Reading case and default labels,reading-case-and-default-labels,complete-mechanism,taught,
112-cc-stmt.fth,bbcc1732152af2d884737272eed870d2410ffe8e,ff9f637d7f2d617ef85bbaad2bbd6ba28da519f2,cc-emit-switch-compare,colon,478,C17,chapters/17-switches-labels-and-nonlocal-control.md,Short compare plus JE occupies 13 bytes; full-width compare plus JE occupies 19. The width choice follows conversion.,https://github.com/delta9000/seed-forth/blob/bbcc1732152af2d884737272eed870d2410ffe8e/112-cc-stmt.fth#L478-L486,486,Selector emitter consumes one converted K; RDI is available as target scratch during dispatch,"Legacy emits CMP RBX,imm32; LP64 uses MOVABS RDI,K plus CMP RBX,RDI for constants outside signed-32 range.",Native detail: convert before choosing comparison width,native-detail-convert-before-choosing-comparison-width,complete-profile-branch,taught,
112-cc-stmt.fth,bbcc1732152af2d884737272eed870d2410ffe8e,ff9f637d7f2d617ef85bbaad2bbd6ba28da519f2,cc-emit-switch-dispatch,colon,491,C17,chapters/17-switches-labels-and-nonlocal-control.md,"The newest-first comparison chain does not rearrange body bytes, clear the head or free nodes.",https://github.com/delta9000/seed-forth/blob/bbcc1732152af2d884737272eed870d2410ffe8e/112-cc-stmt.fth#L491-L502,502,Current switch owns case records; emitter borrows the traversal cursor,Walk node+16 links; for each node emit comparison with node+0 and JE to the body address at node+8.,Source detail: case-node storage and traversal,source-detail-case-node-storage-and-traversal,complete-mechanism,taught,
112-cc-stmt.fth,bbcc1732152af2d884737272eed870d2410ffe8e,ff9f637d7f2d617ef85bbaad2bbd6ba28da519f2,cc-parse-switch,colon,508,C17,chapters/17-switches-labels-and-nonlocal-control.md,Direct switch braces push/pop symbol scope only under LP64. Legacy body entry bypasses instructions before the selected case. It requires a brace body and has no separate EOF recovery branch.,https://github.com/delta9000/seed-forth/blob/bbcc1732152af2d884737272eed870d2410ffe8e/112-cc-stmt.fth#L508-L596,596,Current switch owns case/default/break/type state and one lexical saved-RBX obligation; surrounding loop keeps continue ownership,"Emit expression/save/initial jump, compile brace-delimited bodies while recording labels, append body-end jump, emit selector, patch exits to one POP RBX, then restore outer state.",Parser detail: how the switch is assembled,parser-detail-how-the-switch-is-assembled,complete-mechanism,taught,
112-cc-stmt.fth,bbcc1732152af2d884737272eed870d2410ffe8e,ff9f637d7f2d617ef85bbaad2bbd6ba28da519f2,cc-parse-break-stmt,colon,608,C16,chapters/16-conditions-and-loops.md,No switch pop is emitted here: a switch break reaches its cleanup POP. This adapter has no independent validity-depth check.,https://github.com/delta9000/seed-forth/blob/bbcc1732152af2d884737272eed870d2410ffe8e/112-cc-stmt.fth#L608-L611,611,Active enclosing loop or switch owns the destination and later cleanup,"Require semicolon, emit a JMP placeholder, and append its field to the active break list.",Break and continue consume syntax before adding work,break-and-continue-consume-syntax-before-adding-work,consumer-adapter,taught,chapters/17-switches-labels-and-nonlocal-control.md#a-switch-gives-break-a-cleanup-destination
112-cc-stmt.fth,bbcc1732152af2d884737272eed870d2410ffe8e,ff9f637d7f2d617ef85bbaad2bbd6ba28da519f2,cc-parse-continue-stmt,colon,616,C16,chapters/16-conditions-and-loops.md,The list owner determines condition versus step destination. Emitting unwind does not change lexical switch depth.,https://github.com/delta9000/seed-forth/blob/bbcc1732152af2d884737272eed870d2410ffe8e/112-cc-stmt.fth#L616-L620,620,Current loop owns the continue head and saved switch-entry depth,"Require semicolon, emit switch-depth minus loop-entry-depth RBX pops, then record an unfinished continue JMP.",When a switch lies inside the loop,when-a-switch-lies-inside-the-loop,consumer-adapter,taught,chapters/17-switches-labels-and-nonlocal-control.md#when-continue-bypasses-the-cleanup
112-cc-stmt.fth,bbcc1732152af2d884737272eed870d2410ffe8e,ff9f637d7f2d617ef85bbaad2bbd6ba28da519f2,cc-label-default-cap,constant,635,C17,chapters/17-switches-labels-and-nonlocal-control.md,A common selected limit must agree with all five selected bases.,https://github.com/delta9000/seed-forth/blob/bbcc1732152af2d884737272eed870d2410ffe8e/112-cc-stmt.fth#L635-L635,635,Default label workspace capacity,Define the default maximum of 64 entries for each of five eight-byte-cell arrays.,Reference: selected label storage,reference-selected-label-storage,storage-contract,taught,
112-cc-stmt.fth,bbcc1732152af2d884737272eed870d2410ffe8e,ff9f637d7f2d617ef85bbaad2bbd6ba28da519f2,cc-label-limit,variable,636,C17,chapters/17-switches-labels-and-nonlocal-control.md,"Selectors replace the limit and all bases together, without migrating active rows.",https://github.com/delta9000/seed-forth/blob/bbcc1732152af2d884737272eed870d2410ffe8e/112-cc-stmt.fth#L636-L636,636,Workspace selector owns capacity; function parser owns active count,"Store the currently selected label-entry limit, initially 64.",Reference: selected label storage,reference-selected-label-storage,state-contract,taught,
112-cc-stmt.fth,bbcc1732152af2d884737272eed870d2410ffe8e,ff9f637d7f2d617ef85bbaad2bbd6ba28da519f2,cc-label-default-cap cc-label-limit !,initialization,637,C17,chapters/17-switches-labels-and-nonlocal-control.md,This load-time store does not initialize live rows or enable native goto handling.,https://github.com/delta9000/seed-forth/blob/bbcc1732152af2d884737272eed870d2410ffe8e/112-cc-stmt.fth#L637-L637,637,Source-loading initialization selects default label capacity,Store 64 into the selected label limit.,Reference: selected label storage,reference-selected-label-storage,load-time-initialization,taught,
112-cc-stmt.fth,bbcc1732152af2d884737272eed870d2410ffe8e,ff9f637d7f2d617ef85bbaad2bbd6ba28da519f2,cc-label-cap,colon,638,C17,chapters/17-switches-labels-and-nonlocal-control.md,"The accessor returns entries, not bytes; cc-label-create checks count+1 before storing a row.",https://github.com/delta9000/seed-forth/blob/bbcc1732152af2d884737272eed870d2410ffe8e/112-cc-stmt.fth#L638-L638,638,Selected label workspace,Read cc-label-limit for the capacity check.,Reference: selected label storage,reference-selected-label-storage,storage-adapter,taught,
112-cc-stmt.fth,bbcc1732152af2d884737272eed870d2410ffe8e,ff9f637d7f2d617ef85bbaad2bbd6ba28da519f2,cc-label-default-name-addr,create,639,C17,chapters/17-switches-labels-and-nonlocal-control.md,Borrowed name bytes remain in the retained source buffer. The selected-base cell can point elsewhere.,https://github.com/delta9000/seed-forth/blob/bbcc1732152af2d884737272eed870d2410ffe8e/112-cc-stmt.fth#L639-L639,639,Static default label workspace,Reserve 64 eight-byte cells for each label's source-name address.,Reference: selected label storage,reference-selected-label-storage,storage-contract,taught,
112-cc-stmt.fth,bbcc1732152af2d884737272eed870d2410ffe8e,ff9f637d7f2d617ef85bbaad2bbd6ba28da519f2,cc-label-name-addr-buffer,variable,640,C17,chapters/17-switches-labels-and-nonlocal-control.md,Borrowed name bytes remain in the retained source buffer. Initialization selects the default array; direct selection replaces the base.,https://github.com/delta9000/seed-forth/blob/bbcc1732152af2d884737272eed870d2410ffe8e/112-cc-stmt.fth#L640-L640,640,Workspace selector owns this mutable base pointer,Hold the current base address of the label source-name address column.,Reference: selected label storage,reference-selected-label-storage,state-contract,taught,
112-cc-stmt.fth,bbcc1732152af2d884737272eed870d2410ffe8e,ff9f637d7f2d617ef85bbaad2bbd6ba28da519f2,cc-label-default-name-addr cc-label-name-addr-buffer !,initialization,641,C17,chapters/17-switches-labels-and-nonlocal-control.md,"Selects builder storage; it does not emit a target store, reset label count or fill every array cell.",https://github.com/delta9000/seed-forth/blob/bbcc1732152af2d884737272eed870d2410ffe8e/112-cc-stmt.fth#L641-L641,641,Source-loading initialization selects one default column,Install the static default name-addr array address in its selected-base cell.,Reference: selected label storage,reference-selected-label-storage,load-time-initialization,taught,
112-cc-stmt.fth,bbcc1732152af2d884737272eed870d2410ffe8e,ff9f637d7f2d617ef85bbaad2bbd6ba28da519f2,cc-label-name-addr,colon,642,C17,chapters/17-switches-labels-and-nonlocal-control.md,Borrowed name bytes remain in the retained source buffer. Row operations apply cell[] afterward.,https://github.com/delta9000/seed-forth/blob/bbcc1732152af2d884737272eed870d2410ffe8e/112-cc-stmt.fth#L642-L642,642,Clients borrow the currently selected column base,Read and return the selected base pointer for the label source-name address array.,Reference: selected label storage,reference-selected-label-storage,storage-adapter,taught,
112-cc-stmt.fth,bbcc1732152af2d884737272eed870d2410ffe8e,ff9f637d7f2d617ef85bbaad2bbd6ba28da519f2,cc-label-default-name-len,create,643,C17,chapters/17-switches-labels-and-nonlocal-control.md,"Names are compared by explicit address and length, without requiring a copied terminator. The selected-base cell can point elsewhere.",https://github.com/delta9000/seed-forth/blob/bbcc1732152af2d884737272eed870d2410ffe8e/112-cc-stmt.fth#L643-L643,643,Static default label workspace,Reserve 64 eight-byte cells for each label's source-name byte length.,Reference: selected label storage,reference-selected-label-storage,storage-contract,taught,
112-cc-stmt.fth,bbcc1732152af2d884737272eed870d2410ffe8e,ff9f637d7f2d617ef85bbaad2bbd6ba28da519f2,cc-label-name-len-buffer,variable,644,C17,chapters/17-switches-labels-and-nonlocal-control.md,"Names are compared by explicit address and length, without requiring a copied terminator. Initialization selects the default array; direct selection replaces the base.",https://github.com/delta9000/seed-forth/blob/bbcc1732152af2d884737272eed870d2410ffe8e/112-cc-stmt.fth#L644-L644,644,Workspace selector owns this mutable base pointer,Hold the current base address of the label source-name byte length column.,Reference: selected label storage,reference-selected-label-storage,state-contract,taught,
112-cc-stmt.fth,bbcc1732152af2d884737272eed870d2410ffe8e,ff9f637d7f2d617ef85bbaad2bbd6ba28da519f2,cc-label-default-name-len cc-label-name-len-buffer !,initialization,645,C17,chapters/17-switches-labels-and-nonlocal-control.md,"Selects builder storage; it does not emit a target store, reset label count or fill every array cell.",https://github.com/delta9000/seed-forth/blob/bbcc1732152af2d884737272eed870d2410ffe8e/112-cc-stmt.fth#L645-L645,645,Source-loading initialization selects one default column,Install the static default name-len array address in its selected-base cell.,Reference: selected label storage,reference-selected-label-storage,load-time-initialization,taught,
112-cc-stmt.fth,bbcc1732152af2d884737272eed870d2410ffe8e,ff9f637d7f2d617ef85bbaad2bbd6ba28da519f2,cc-label-name-len,colon,646,C17,chapters/17-switches-labels-and-nonlocal-control.md,"Names are compared by explicit address and length, without requiring a copied terminator. Row operations apply cell[] afterward.",https://github.com/delta9000/seed-forth/blob/bbcc1732152af2d884737272eed870d2410ffe8e/112-cc-stmt.fth#L646-L646,646,Clients borrow the currently selected column base,Read and return the selected base pointer for the label source-name byte length array.,Reference: selected label storage,reference-selected-label-storage,storage-adapter,taught,
112-cc-stmt.fth,bbcc1732152af2d884737272eed870d2410ffe8e,ff9f637d7f2d617ef85bbaad2bbd6ba28da519f2,cc-label-default-vaddr,create,647,C17,chapters/17-switches-labels-and-nonlocal-control.md,Zero denotes an undefined label. The selected-base cell can point elsewhere.,https://github.com/delta9000/seed-forth/blob/bbcc1732152af2d884737272eed870d2410ffe8e/112-cc-stmt.fth#L647-L647,647,Static default label workspace,Reserve 64 eight-byte cells for each label's target virtual address.,Reference: selected label storage,reference-selected-label-storage,storage-contract,taught,
112-cc-stmt.fth,bbcc1732152af2d884737272eed870d2410ffe8e,ff9f637d7f2d617ef85bbaad2bbd6ba28da519f2,cc-label-vaddr-buffer,variable,648,C17,chapters/17-switches-labels-and-nonlocal-control.md,Zero denotes an undefined label. Initialization selects the default array; direct selection replaces the base.,https://github.com/delta9000/seed-forth/blob/bbcc1732152af2d884737272eed870d2410ffe8e/112-cc-stmt.fth#L648-L648,648,Workspace selector owns this mutable base pointer,Hold the current base address of the label target virtual address column.,Reference: selected label storage,reference-selected-label-storage,state-contract,taught,
112-cc-stmt.fth,bbcc1732152af2d884737272eed870d2410ffe8e,ff9f637d7f2d617ef85bbaad2bbd6ba28da519f2,cc-label-default-vaddr cc-label-vaddr-buffer !,initialization,649,C17,chapters/17-switches-labels-and-nonlocal-control.md,"Selects builder storage; it does not emit a target store, reset label count or fill every array cell.",https://github.com/delta9000/seed-forth/blob/bbcc1732152af2d884737272eed870d2410ffe8e/112-cc-stmt.fth#L649-L649,649,Source-loading initialization selects one default column,Install the static default vaddr array address in its selected-base cell.,Reference: selected label storage,reference-selected-label-storage,load-time-initialization,taught,
112-cc-stmt.fth,bbcc1732152af2d884737272eed870d2410ffe8e,ff9f637d7f2d617ef85bbaad2bbd6ba28da519f2,cc-label-vaddr,colon,650,C17,chapters/17-switches-labels-and-nonlocal-control.md,Zero denotes an undefined label. Row operations apply cell[] afterward.,https://github.com/delta9000/seed-forth/blob/bbcc1732152af2d884737272eed870d2410ffe8e/112-cc-stmt.fth#L650-L650,650,Clients borrow the currently selected column base,Read and return the selected base pointer for the label target virtual address array.,Reference: selected label storage,reference-selected-label-storage,storage-adapter,taught,
112-cc-stmt.fth,bbcc1732152af2d884737272eed870d2410ffe8e,ff9f637d7f2d617ef85bbaad2bbd6ba28da519f2,cc-label-default-fixup,create,651,C17,chapters/17-switches-labels-and-nonlocal-control.md,Node format depends on legacy versus LP64 goto producer; do not use the wrong walker. The selected-base cell can point elsewhere.,https://github.com/delta9000/seed-forth/blob/bbcc1732152af2d884737272eed870d2410ffe8e/112-cc-stmt.fth#L651-L651,651,Static default label workspace,Reserve 64 eight-byte cells for each label's forward-reference list head.,Reference: selected label storage,reference-selected-label-storage,storage-contract,taught,
112-cc-stmt.fth,bbcc1732152af2d884737272eed870d2410ffe8e,ff9f637d7f2d617ef85bbaad2bbd6ba28da519f2,cc-label-fixup-buffer,variable,652,C17,chapters/17-switches-labels-and-nonlocal-control.md,Node format depends on legacy versus LP64 goto producer; do not use the wrong walker. Initialization selects the default array; direct selection replaces the base.,https://github.com/delta9000/seed-forth/blob/bbcc1732152af2d884737272eed870d2410ffe8e/112-cc-stmt.fth#L652-L652,652,Workspace selector owns this mutable base pointer,Hold the current base address of the label forward-reference list head column.,Reference: selected label storage,reference-selected-label-storage,state-contract,taught,
112-cc-stmt.fth,bbcc1732152af2d884737272eed870d2410ffe8e,ff9f637d7f2d617ef85bbaad2bbd6ba28da519f2,cc-label-default-fixup cc-label-fixup-buffer !,initialization,653,C17,chapters/17-switches-labels-and-nonlocal-control.md,"Selects builder storage; it does not emit a target store, reset label count or fill every array cell.",https://github.com/delta9000/seed-forth/blob/bbcc1732152af2d884737272eed870d2410ffe8e/112-cc-stmt.fth#L653-L653,653,Source-loading initialization selects one default column,Install the static default fixup array address in its selected-base cell.,Reference: selected label storage,reference-selected-label-storage,load-time-initialization,taught,
112-cc-stmt.fth,bbcc1732152af2d884737272eed870d2410ffe8e,ff9f637d7f2d617ef85bbaad2bbd6ba28da519f2,cc-label-fixup,colon,654,C17,chapters/17-switches-labels-and-nonlocal-control.md,Node format depends on legacy versus LP64 goto producer; do not use the wrong walker. Row operations apply cell[] afterward.,https://github.com/delta9000/seed-forth/blob/bbcc1732152af2d884737272eed870d2410ffe8e/112-cc-stmt.fth#L654-L654,654,Clients borrow the currently selected column base,Read and return the selected base pointer for the label forward-reference list head array.,Reference: selected label storage,reference-selected-label-storage,storage-adapter,taught,
112-cc-stmt.fth,bbcc1732152af2d884737272eed870d2410ffe8e,ff9f637d7f2d617ef85bbaad2bbd6ba28da519f2,cc-label-default-switch-depth,create,655,C17,chapters/17-switches-labels-and-nonlocal-control.md,Native adjustment compares source depth from the goto node with this destination depth; it does not encode switch ancestry. The selected-base cell can point elsewhere.,https://github.com/delta9000/seed-forth/blob/bbcc1732152af2d884737272eed870d2410ffe8e/112-cc-stmt.fth#L655-L655,655,Static default label workspace,Reserve 64 eight-byte cells for each label's lexical switch depth at definition.,Reference: selected label storage,reference-selected-label-storage,storage-contract,taught,
112-cc-stmt.fth,bbcc1732152af2d884737272eed870d2410ffe8e,ff9f637d7f2d617ef85bbaad2bbd6ba28da519f2,cc-label-switch-depth-buffer,variable,656,C17,chapters/17-switches-labels-and-nonlocal-control.md,Native adjustment compares source depth from the goto node with this destination depth; it does not encode switch ancestry. Initialization selects the default array; direct selection replaces the base.,https://github.com/delta9000/seed-forth/blob/bbcc1732152af2d884737272eed870d2410ffe8e/112-cc-stmt.fth#L656-L656,656,Workspace selector owns this mutable base pointer,Hold the current base address of the label lexical switch depth at definition column.,Reference: selected label storage,reference-selected-label-storage,state-contract,taught,
112-cc-stmt.fth,bbcc1732152af2d884737272eed870d2410ffe8e,ff9f637d7f2d617ef85bbaad2bbd6ba28da519f2,cc-label-default-switch-depth cc-label-switch-depth-buffer !,initialization,657,C17,chapters/17-switches-labels-and-nonlocal-control.md,"Selects builder storage; it does not emit a target store, reset label count or fill every array cell.",https://github.com/delta9000/seed-forth/blob/bbcc1732152af2d884737272eed870d2410ffe8e/112-cc-stmt.fth#L657-L657,657,Source-loading initialization selects one default column,Install the static default switch-depth array address in its selected-base cell.,Reference: selected label storage,reference-selected-label-storage,load-time-initialization,taught,
112-cc-stmt.fth,bbcc1732152af2d884737272eed870d2410ffe8e,ff9f637d7f2d617ef85bbaad2bbd6ba28da519f2,cc-label-switch-depth,colon,658,C17,chapters/17-switches-labels-and-nonlocal-control.md,Native adjustment compares source depth from the goto node with this destination depth; it does not encode switch ancestry. Row operations apply cell[] afterward.,https://github.com/delta9000/seed-forth/blob/bbcc1732152af2d884737272eed870d2410ffe8e/112-cc-stmt.fth#L658-L658,658,Clients borrow the currently selected column base,Read and return the selected base pointer for the label lexical switch depth at definition array.,Reference: selected label storage,reference-selected-label-storage,storage-adapter,taught,
112-cc-stmt.fth,bbcc1732152af2d884737272eed870d2410ffe8e,ff9f637d7f2d617ef85bbaad2bbd6ba28da519f2,cc-label-direct-cap,constant,661,C17,chapters/17-switches-labels-and-nonlocal-control.md,Five 8192-byte columns occupy 40960 bytes; this constant alone does not select native goto semantics.,https://github.com/delta9000/seed-forth/blob/bbcc1732152af2d884737272eed870d2410ffe8e/112-cc-stmt.fth#L661-L661,661,Direct-workspace label capacity,Define the optional direct workspace bound of 1024 entries.,Reference: selected label storage,reference-selected-label-storage,storage-contract,taught,
112-cc-stmt.fth,bbcc1732152af2d884737272eed870d2410ffe8e,ff9f637d7f2d617ef85bbaad2bbd6ba28da519f2,cc-label-direct-base,variable,662,C17,chapters/17-switches-labels-and-nonlocal-control.md,Zero causes allocation via cc-workspace-map with error 171; it is not a generated code address.,https://github.com/delta9000/seed-forth/blob/bbcc1732152af2d884737272eed870d2410ffe8e/112-cc-stmt.fth#L662-L662,662,Direct workspace selector caches its builder mapping,Hold the optional 40960-byte mapping base so repeated selection does not map again.,Reference: selected label storage,reference-selected-label-storage,state-contract,taught,
112-cc-stmt.fth,bbcc1732152af2d884737272eed870d2410ffe8e,ff9f637d7f2d617ef85bbaad2bbd6ba28da519f2,cc-label-default-workspace,colon,663,C17,chapters/17-switches-labels-and-nonlocal-control.md,"Does not reset count, copy rows or free a direct mapping; select before normal active-row initialization.",https://github.com/delta9000/seed-forth/blob/bbcc1732152af2d884737272eed870d2410ffe8e/112-cc-stmt.fth#L663-L670,670,Workspace selector replaces limit and five bases,Reinstall capacity 64 and every default array address.,Reference: selected label storage,reference-selected-label-storage,complete-mechanism,taught,
112-cc-stmt.fth,bbcc1732152af2d884737272eed870d2410ffe8e,ff9f637d7f2d617ef85bbaad2bbd6ba28da519f2,cc-label-direct-workspace,colon,671,C17,chapters/17-switches-labels-and-nonlocal-control.md,"Does not reset count, migrate rows or expand the arena. Each column occupies two 4096-byte pages.",https://github.com/delta9000/seed-forth/blob/bbcc1732152af2d884737272eed870d2410ffe8e/112-cc-stmt.fth#L671-L682,682,Workspace selector owns cached mapping and selected table pointers,"Lazily map 1024*40 bytes, set limit 1024, and install five column bases at 0,8192,16384,24576,32768 bytes from the mapping.",Reference: selected label storage,reference-selected-label-storage,complete-mechanism,taught,
112-cc-stmt.fth,bbcc1732152af2d884737272eed870d2410ffe8e,ff9f637d7f2d617ef85bbaad2bbd6ba28da519f2,cc-label-count,variable,683,C17,chapters/17-switches-labels-and-nonlocal-control.md,"A new function resets the count, not every array byte. Labels are independent of block symbol scopes.",https://github.com/delta9000/seed-forth/blob/bbcc1732152af2d884737272eed870d2410ffe8e/112-cc-stmt.fth#L683-L683,683,Function entry resets; label creation advances the visible label prefix,Count live rows in the selected label arrays for lookup and finalization.,Labels have a function-wide identity,labels-have-a-function-wide-identity,state-contract,taught,
112-cc-stmt.fth,bbcc1732152af2d884737272eed870d2410ffe8e,ff9f637d7f2d617ef85bbaad2bbd6ba28da519f2,cc-label-vaddr-of,colon,686,C17,chapters/17-switches-labels-and-nonlocal-control.md,Zero is the unresolved-label sentinel.,https://github.com/delta9000/seed-forth/blob/bbcc1732152af2d884737272eed870d2410ffe8e/112-cc-stmt.fth#L686-L686,686,Caller supplies a valid label ID,Index the selected target-address column with cell[] and fetch its value.,"Lookup, creation, and definition are different events",lookup-creation-and-definition-are-different-events,storage-adapter,taught,
112-cc-stmt.fth,bbcc1732152af2d884737272eed870d2410ffe8e,ff9f637d7f2d617ef85bbaad2bbd6ba28da519f2,cc-label-set-vaddr,colon,687,C17,chapters/17-switches-labels-and-nonlocal-control.md,Creation writes zero; definition writes the current target virtual address.,https://github.com/delta9000/seed-forth/blob/bbcc1732152af2d884737272eed870d2410ffe8e/112-cc-stmt.fth#L687-L687,687,Label creation or definition writes the target column,Store a supplied target value in the selected address cell for the ID.,"Lookup, creation, and definition are different events",lookup-creation-and-definition-are-different-events,storage-adapter,taught,
112-cc-stmt.fth,bbcc1732152af2d884737272eed870d2410ffe8e,ff9f637d7f2d617ef85bbaad2bbd6ba28da519f2,cc-label-fixups,colon,688,C17,chapters/17-switches-labels-and-nonlocal-control.md,"Returns a cell address, not the head value; callers fetch, clear or prepend through it.",https://github.com/delta9000/seed-forth/blob/bbcc1732152af2d884737272eed870d2410ffe8e/112-cc-stmt.fth#L688-L688,688,Label row owns its mutable forward-list head,Return the address of the selected fixup-head cell for an ID.,"Lookup, creation, and definition are different events",lookup-creation-and-definition-are-different-events,storage-adapter,taught,
112-cc-stmt.fth,bbcc1732152af2d884737272eed870d2410ffe8e,ff9f637d7f2d617ef85bbaad2bbd6ba28da519f2,cc-label-find,colon,692,C17,chapters/17-switches-labels-and-nonlocal-control.md,Returns an ID or -1; it does not create a row or consult block-local symbol scope.,https://github.com/delta9000/seed-forth/blob/bbcc1732152af2d884737272eed870d2410ffe8e/112-cc-stmt.fth#L692-L693,693,Function-wide active label prefix,Pass selected name-address/length columns and count to newest-first cc-name-find.,"Lookup, creation, and definition are different events",lookup-creation-and-definition-are-different-events,complete-mechanism,taught,
112-cc-stmt.fth,bbcc1732152af2d884737272eed870d2410ffe8e,ff9f637d7f2d617ef85bbaad2bbd6ba28da519f2,cc-label-create,colon,697,C17,chapters/17-switches-labels-and-nonlocal-control.md,The capacity check precedes row stores; retained source bytes are required for later lookup.,https://github.com/delta9000/seed-forth/blob/bbcc1732152af2d884737272eed870d2410ffe8e/112-cc-stmt.fth#L697-L707,707,Function label table owns count; selected arrays own row cells,"Check count+1 against capacity (171), append borrowed name span, zero target/head/depth, increment count and return the new ID.","Lookup, creation, and definition are different events",lookup-creation-and-definition-are-different-events,complete-mechanism,taught,
112-cc-stmt.fth,bbcc1732152af2d884737272eed870d2410ffe8e,ff9f637d7f2d617ef85bbaad2bbd6ba28da519f2,cc-label-find-or-create,colon,711,C17,chapters/17-switches-labels-and-nonlocal-control.md,Repeated references share one identity; creation and definition remain distinct operations.,https://github.com/delta9000/seed-forth/blob/bbcc1732152af2d884737272eed870d2410ffe8e/112-cc-stmt.fth#L711-L719,719,Function-wide name identity,"Look up the name and return an existing ID, or append an initialized row if absent.","Lookup, creation, and definition are different events",lookup-creation-and-definition-are-different-events,complete-mechanism,taught,
112-cc-stmt.fth,bbcc1732152af2d884737272eed870d2410ffe8e,ff9f637d7f2d617ef85bbaad2bbd6ba28da519f2,cc-define-label,colon,724,C17,chapters/17-switches-labels-and-nonlocal-control.md,LP64 leaves pending native nodes for function-end trampolines. Legacy patching neither clears the row head nor frees nodes.,https://github.com/delta9000/seed-forth/blob/bbcc1732152af2d884737272eed870d2410ffe8e/112-cc-stmt.fth#L724-L737,737,"This label row owns target address, definition depth and pending head","Find/create the row, reject a nonzero prior address (172), store current target/depth, and in legacy patch its pending rel32 fields to here.","Lookup, creation, and definition are different events",lookup-creation-and-definition-are-different-events,complete-mechanism,taught,chapters/17-switches-labels-and-nonlocal-control.md#a-legacy-goto-finishes-at-the-label
112-cc-stmt.fth,bbcc1732152af2d884737272eed870d2410ffe8e,ff9f637d7f2d617ef85bbaad2bbd6ba28da519f2,cc-native-goto-adjust,colon,745,C17,chapters/17-switches-labels-and-nonlocal-control.md,Entering a deeper depth does not evaluate skipped switch expressions; depth counts do not prove arbitrary switch-ancestry correctness.,https://github.com/delta9000/seed-forth/blob/bbcc1732152af2d884737272eed870d2410ffe8e/112-cc-stmt.fth#L745-L749,749,Goto source and target depths specify target-stack adjustment,"Emit source-minus-target POP RBX instructions when positive, target-minus-source PUSH RBX when negative, and no adjustment when equal.",Native gotos reconcile source and destination depth,native-gotos-reconcile-source-and-destination-depth,complete-profile-branch,taught,
112-cc-stmt.fth,bbcc1732152af2d884737272eed870d2410ffe8e,ff9f637d7f2d617ef85bbaad2bbd6ba28da519f2,cc-native-goto-fixup,colon,750,C17,chapters/17-switches-labels-and-nonlocal-control.md,Captures the current lexical source depth now; generic 16-byte fixup walkers cannot consume this format.,https://github.com/delta9000/seed-forth/blob/bbcc1732152af2d884737272eed870d2410ffe8e/112-cc-stmt.fth#L750-L754,754,Destination label owns head; goto site contributes field and source depth,"Prepend a 24-byte {field-offset,source-switch-depth,next} node to the label's forward list.",Native gotos reconcile source and destination depth,native-gotos-reconcile-source-and-destination-depth,complete-profile-branch,taught,
112-cc-stmt.fth,bbcc1732152af2d884737272eed870d2410ffe8e,ff9f637d7f2d617ef85bbaad2bbd6ba28da519f2,cc-native-finish-gotos,colon,755,C17,chapters/17-switches-labels-and-nonlocal-control.md,Providers 117/121 call after the implicit epilogue so normal fall-through returns first. Legacy 114 does not call this finisher. Heads/nodes are not cleared/freed.,https://github.com/delta9000/seed-forth/blob/bbcc1732152af2d884737272eed870d2410ffe8e/112-cc-stmt.fth#L755-L768,768,Native function completion owns trampoline emission; labels retain destinations,"Walk each label's pending nodes, reject undefined target (174), patch each original field to a new trampoline, adjust depths, jump to label, and follow node+16.",Finish after emitting the ordinary return path,finish-after-emitting-the-ordinary-return-path,complete-profile-branch,taught,
112-cc-stmt.fth,bbcc1732152af2d884737272eed870d2410ffe8e,ff9f637d7f2d617ef85bbaad2bbd6ba28da519f2,cc-parse-goto-stmt,colon,770,C17,chapters/17-switches-labels-and-nonlocal-control.md,"Legacy unconditionally unwinds every current switch save, assumes target outside switches, and has no function-end undefined-label check in 114.",https://github.com/delta9000/seed-forth/blob/bbcc1732152af2d884737272eed870d2410ffe8e/112-cc-stmt.fth#L770-L802,802,Function-wide label identity and profile-specific pending-node owner,"Require a name (173), find/create its row, emit a known-target branch or record a future field, and require semicolon; LP64 additionally reconciles source/destination depths.",A legacy goto finishes at the label,a-legacy-goto-finishes-at-the-label,complete-mechanism,taught,chapters/17-switches-labels-and-nonlocal-control.md#native-gotos-reconcile-source-and-destination-depth
112-cc-stmt.fth,bbcc1732152af2d884737272eed870d2410ffe8e,ff9f637d7f2d617ef85bbaad2bbd6ba28da519f2,cc-peek-after-is-colon?,colon,819,C17,chapters/17-switches-labels-and-nonlocal-control.md,True leaves colon consumed. False restores the original pending flag (normally zero); the expression adapter supplies the later putback. Comments are looser than these postconditions.,https://github.com/delta9000/seed-forth/blob/bbcc1732152af2d884737272eed870d2410ffe8e/112-cc-stmt.fth#L819-L826,826,One nonrecursive token peek borrows the shared lexer mark,"Save the consumed identifier state, read one fresh token, commit a colon, or restore the whole saved state when false.",The identifier fork needs one speculative token,the-identifier-fork-needs-one-speculative-token,complete-mechanism,taught,
112-cc-stmt.fth,bbcc1732152af2d884737272eed870d2410ffe8e,ff9f637d7f2d617ef85bbaad2bbd6ba28da519f2,cc-parse-expr-stmt,colon,830,C16,chapters/16-conditions-and-loops.md,Leaving its value in RDI needs no discard instruction; expression temporaries remain the expression parser's responsibility.,https://github.com/delta9000/seed-forth/blob/bbcc1732152af2d884737272eed870d2410ffe8e/112-cc-stmt.fth#L830-L833,833,Expression parser owns expression temporaries; statement adapter owns terminating semicolon,"Put the already-read first token back, parse the expression, then require semicolon.",Close the dispatcher without hiding its other clients,close-the-dispatcher-without-hiding-its-other-clients,complete-mechanism,taught,
112-cc-stmt.fth,bbcc1732152af2d884737272eed870d2410ffe8e,ff9f637d7f2d617ef85bbaad2bbd6ba28da519f2,cc-parse-ident-stmt,colon,838,C17,chapters/17-switches-labels-and-nonlocal-control.md,LP64 recursively parses the labeled substatement; legacy returns after the label prefix. A currently visible typedef wins before colon lookahead.,https://github.com/delta9000/seed-forth/blob/bbcc1732152af2d884737272eed870d2410ffe8e/112-cc-stmt.fth#L838-L858,858,"Dispatcher chooses typedef declaration, label definition or expression owner","Check ordinary symbols for typedef first; otherwise save the name span across colon peek, define a label on success, or replay an expression statement on failure.","Typedef first, then colon, then expression",typedef-first-then-colon-then-expression,complete-mechanism,taught,
112-cc-stmt.fth,bbcc1732152af2d884737272eed870d2410ffe8e,ff9f637d7f2d617ef85bbaad2bbd6ba28da519f2,cc-parse-stmt,colon,865,C16,chapters/16-conditions-and-loops.md,LP64 case/default requires open switch depth and recursively consumes a following statement. Legacy named-label handling can consume only a label prefix.,https://github.com/delta9000/seed-forth/blob/bbcc1732152af2d884737272eed870d2410ffe8e/112-cc-stmt.fth#L865-L902,902,Dispatcher routes the next token; selected parser owns the remaining syntax,"Collect storage/qualifier state, read the first token, try LP64 label/declaration routes, then empty, legacy declaration, return, control, compound, identifier and expression routes.",Close the dispatcher without hiding its other clients,close-the-dispatcher-without-hiding-its-other-clients,complete-mechanism,taught,chapters/17-switches-labels-and-nonlocal-control.md#typedef-first-then-colon-then-expression; chapters/15-declarations-and-recursive-records.md
112-cc-stmt.fth,bbcc1732152af2d884737272eed870d2410ffe8e,ff9f637d7f2d617ef85bbaad2bbd6ba28da519f2,' cc-parse-stmt is cc-parse-stmt-fwd,binding,905,C16,chapters/16-conditions-and-loops.md,"Load-time Forth binding, not a C source statement or target instruction.",https://github.com/delta9000/seed-forth/blob/bbcc1732152af2d884737272eed870d2410ffe8e/112-cc-stmt.fth#L905-L905,905,Completed statement dispatcher supplies the deferred implementation,Install the execution token of cc-parse-stmt into cc-parse-stmt-fwd after all mutually recursive consumers are defined.,Reference: statement boundaries and recursive branches,reference-statement-boundaries-and-recursive-branches,interface-and-binding,taught,
114-cc-func.fth,bbcc1732152af2d884737272eed870d2410ffe8e,031ca4a33124b075f4416c5f38781673616af8c4,cc-fn-name-addr,variable,14,C18,chapters/18-functions-and-call-frame-accounting.md,Does not copy bytes; the source buffer must remain valid.,https://github.com/delta9000/seed-forth/blob/bbcc1732152af2d884737272eed870d2410ffe8e/114-cc-func.fth#L14-L14,14,Current definition retains its name across parameter/body token reads,Store the borrowed source address of the current function name.,Reference: function-name bookkeeping,reference-function-name-bookkeeping,state-contract,taught,
114-cc-func.fth,bbcc1732152af2d884737272eed870d2410ffe8e,031ca4a33124b075f4416c5f38781673616af8c4,cc-fn-name-len,variable,15,C18,chapters/18-functions-and-call-frame-accounting.md,Allows lookup and main comparison after tok-* has been overwritten.,https://github.com/delta9000/seed-forth/blob/bbcc1732152af2d884737272eed870d2410ffe8e/114-cc-func.fth#L15-L15,15,Current definition retains its name across parameter/body token reads,Store the byte length paired with cc-fn-name-addr.,Reference: function-name bookkeeping,reference-function-name-bookkeeping,state-contract,taught,
114-cc-func.fth,bbcc1732152af2d884737272eed870d2410ffe8e,031ca4a33124b075f4416c5f38781673616af8c4,cc-fn-param-count,variable,16,C18,chapters/18-functions-and-call-frame-accounting.md,This is not a stored signature or a six-parameter parser guard; spills cover only the first six.,https://github.com/delta9000/seed-forth/blob/bbcc1732152af2d884737272eed870d2410ffe8e/114-cc-func.fth#L16-L16,16,Parameter-list parser resets and increments; spill emitter reads,Count successfully claimed named parameters of the current definition.,Reference: function-name bookkeeping,reference-function-name-bookkeeping,state-contract,taught,
114-cc-func.fth,bbcc1732152af2d884737272eed870d2410ffe8e,031ca4a33124b075f4416c5f38781673616af8c4,cc-fn-prior-sym-id,variable,17,C18,chapters/18-functions-and-call-frame-accounting.md,Only a prior sk-func is walked; lookup after append would find the new empty-head record.,https://github.com/delta9000/seed-forth/blob/bbcc1732152af2d884737272eed870d2410ffe8e/114-cc-func.fth#L17-L17,17,Function registration retains the lookup result before appending a newer row,"Remember the previously visible name ID, or -1, so prior function call/address lists can be completed.",Reference: function-name bookkeeping,reference-function-name-bookkeeping,state-contract,taught,
114-cc-func.fth,bbcc1732152af2d884737272eed870d2410ffe8e,031ca4a33124b075f4416c5f38781673616af8c4,cc-main-name-bytes,create,21,C18,chapters/18-functions-and-call-frame-accounting.md,cc-is-main? requires length four before comparing these bytes.,https://github.com/delta9000/seed-forth/blob/bbcc1732152af2d884737272eed870d2410ffe8e/114-cc-func.fth#L21-L21,21,Static builder name comparison object,"Store four raw bytes for main, with no length prefix.",Reference: function-name bookkeeping,reference-function-name-bookkeeping,literal-data,taught,
114-cc-func.fth,bbcc1732152af2d884737272eed870d2410ffe8e,031ca4a33124b075f4416c5f38781673616af8c4,cc-is-main?,colon,24,C18,chapters/18-functions-and-call-frame-accounting.md,Case and whole-length matter; this helper neither records an address nor validates a C main signature.,https://github.com/delta9000/seed-forth/blob/bbcc1732152af2d884737272eed870d2410ffe8e/114-cc-func.fth#L24-L30,30,Function-name consumer reads a borrowed span and static literal,Return false unless length is four; otherwise compare exactly four bytes with main.,Reference: function-name bookkeeping,reference-function-name-bookkeeping,complete-mechanism,taught,
114-cc-func.fth,bbcc1732152af2d884737272eed870d2410ffe8e,031ca4a33124b075f4416c5f38781673616af8c4,cc-block-end?,colon,34,C18,chapters/18-functions-and-call-frame-accounting.md,The caller has already consumed the token; a true result closes only the outer loop after nested statements consumed their own interiors.,https://github.com/delta9000/seed-forth/blob/bbcc1732152af2d884737272eed870d2410ffe8e/114-cc-func.fth#L34-L36,36,Function body loop supplies its current token,Test both punctuation kind and closing-brace payload.,Let statements consume their own interiors,let-statements-consume-their-own-interiors,complete-mechanism,taught,
114-cc-func.fth,bbcc1732152af2d884737272eed870d2410ffe8e,031ca4a33124b075f4416c5f38781673616af8c4,cc-parse-param-list-loop,colon,45,C18,chapters/18-functions-and-call-frame-accounting.md,Raw struct parameters still get one slot; typedef payload is unpacked but its descriptor is cleared. Appending the row precedes the slot-capacity check.,https://github.com/delta9000/seed-forth/blob/bbcc1732152af2d884737272eed870d2410ffe8e/114-cc-func.fth#L45-L119,119,Function scope owns parameter symbols; monotonic local counter assigns slots,"Read keyword/struct/typedef base, add stars, require a name, add a local row and descriptor, claim one slot, increment parameter count and repeat through closing parenthesis.",Parser detail: build one record per `type name`,parser-detail-build-one-record-per-type-name,complete-mechanism,taught,
114-cc-func.fth,bbcc1732152af2d884737272eed870d2410ffe8e,031ca4a33124b075f4416c5f38781673616af8c4,cc-parse-param-list,colon,124,C18,chapters/18-functions-and-call-frame-accounting.md,Void lookahead resets the full lexer state before deliberately consuming the close again. No complete signature distinguishes () from (void).,https://github.com/delta9000/seed-forth/blob/bbcc1732152af2d884737272eed870d2410ffe8e/114-cc-func.fth#L124-L147,147,Current function parameter count and complete lexer mark for void lookahead,Reset count; accept immediate close parenthesis or exact void/close pair as empty; otherwise put back the type and delegate to the ordinary loop.,Parser detail: decide whether there are any parameters,parser-detail-decide-whether-there-are-any-parameters,complete-mechanism,taught,
114-cc-func.fth,bbcc1732152af2d884737272eed870d2410ffe8e,031ca4a33124b075f4416c5f38781673616af8c4,cc-emit-spill-params,colon,152,C18,chapters/18-functions-and-call-frame-accounting.md,A seventh parsed parameter may have a slot but receives no incoming store here. Matching scalar calls and stack-alignment premises are separate constraints.,https://github.com/delta9000/seed-forth/blob/bbcc1732152af2d884737272eed870d2410ffe8e/114-cc-func.fth#L152-L170,170,Callee prologue initializes parameter slots from six incoming target registers,"For counts at least 1 through 6, emit stores from RDI,RSI,RDX,RCX,R8,R9 to slots 0 through 5.",Six specific stores connect registers to names,six-specific-stores-connect-registers-to-names,complete-mechanism,taught,
114-cc-func.fth,bbcc1732152af2d884737272eed870d2410ffe8e,031ca4a33124b075f4416c5f38781673616af8c4,cc-parse-fn-return-type,colon,181,C18,chapters/18-functions-and-call-frame-accounting.md,Does not resolve an identifier typedef or retain a checked return signature; function registration uses int at depth zero.,https://github.com/delta9000/seed-forth/blob/bbcc1732152af2d884737272eed870d2410ffe8e/114-cc-func.fth#L181-L198,198,Definition/prototype scanner owns return spelling consumption,"Skip storage/qualifiers, consume keyword or identifier spelling, handle struct/enum/basic-type suffixes, then discard pointer-star count.",Consume a return spelling without inventing a signature,consume-a-return-spelling-without-inventing-a-signature,complete-mechanism,taught,
114-cc-func.fth,bbcc1732152af2d884737272eed870d2410ffe8e,031ca4a33124b075f4416c5f38781673616af8c4,cc-parse-function,colon,220,C18,chapters/18-functions-and-call-frame-accounting.md,Scope pop retains the function row and hides locals without reusing slots. The body keeps compiling after explicit return; legacy completion does not run native goto finalization.,https://github.com/delta9000/seed-forth/blob/bbcc1732152af2d884737272eed870d2410ffe8e/114-cc-func.fth#L220-L310,310,"One definition owns symbol publication, prior lists, function scope, controls, parameters and fixed frame","Publish current output address before parameters/body, patch/clear a prior function's two lists, record main, reset per-function state, create parameters, emit 256-byte frame/spills/body and implicit zero epilogue, then pop scope.",Publish the function before opening its scope,publish-the-function-before-opening-its-scope,complete-mechanism,taught,chapters/18-functions-and-call-frame-accounting.md#begin-each-function-with-clean-control-bookkeeping; chapters/18-functions-and-call-frame-accounting.md#every-normal-route-out-needs-a-result-and-a-return-destination
116-cc-prog.fth,bbcc1732152af2d884737272eed870d2410ffe8e,28ef4a5db2bf7fec9ea3e4f324b79e42b534866f,cc-enum-next-val,variable,30,C19,chapters/19-translation-units-and-process-entry.md,The enum tag is discarded by this legacy producer.,https://github.com/delta9000/seed-forth/blob/bbcc1732152af2d884737272eed870d2410ffe8e/116-cc-prog.fth#L30-L30,30,Current enum definition resets and advances its value cursor,Hold the value assigned to the next enumerator; explicit constant assignment resets it before the row is added.,Enumerators receive values in source order,enumerators-receive-values-in-source-order,state-contract,taught,
116-cc-prog.fth,bbcc1732152af2d884737272eed870d2410ffe8e,28ef4a5db2bf7fec9ea3e4f324b79e42b534866f,cc-parse-enum-def,colon,37,C19,chapters/19-translation-units-and-process-entry.md,No target instructions or storage are created solely by these enum rows; earlier enumerators are available to later constant expressions.,https://github.com/delta9000/seed-forth/blob/bbcc1732152af2d884737272eed870d2410ffe8e/116-cc-prog.fth#L37-L99,99,File-scope symbol table owns enum rows; current definition owns next-value scratch,"Discard an optional tag, consume braces, add sk-enum rows with immediate constant payloads, increment after each row, accept trailing comma and require final semicolon.",Enumerators receive values in source order,enumerators-receive-values-in-source-order,complete-mechanism,taught,
116-cc-prog.fth,bbcc1732152af2d884737272eed870d2410ffe8e,28ef4a5db2bf7fec9ea3e4f324b79e42b534866f,cc-td-ty,variable,109,C19,chapters/19-translation-units-and-process-entry.md,This single encoding is not a complete parameter/return signature or struct descriptor.,https://github.com/delta9000/seed-forth/blob/bbcc1732152af2d884737272eed870d2410ffe8e/116-cc-prog.fth#L109-L109,109,Current typedef parser owns packed-type scratch,Stage the base/pointer encoding while reading a typedef name and added stars.,"A typedef carries an encoding, not an object address",a-typedef-carries-an-encoding-not-an-object-address,state-contract,taught,
116-cc-prog.fth,bbcc1732152af2d884737272eed870d2410ffe8e,28ef4a5db2bf7fec9ea3e4f324b79e42b534866f,cc-parse-typedef,colon,110,C19,chapters/19-translation-units-and-process-entry.md,"Struct lookup is discarded rather than retained as a descriptor; the function-pointer parameter list is balanced and skipped, not turned into a signature. No target bytes arise solely from the alias.",https://github.com/delta9000/seed-forth/blob/bbcc1732152af2d884737272eed870d2410ffe8e/116-cc-prog.fth#L110-L195,195,File-scope symbol table owns the new alias payload,"Construct a supported base/alias encoding plus stars, or scan a parenthesized function-pointer spelling and register ty-func depth one, then require semicolon.","A typedef carries an encoding, not an object address",a-typedef-carries-an-encoding-not-an-object-address,complete-mechanism,taught,
116-cc-prog.fth,bbcc1732152af2d884737272eed870d2410ffe8e,28ef4a5db2bf7fec9ea3e4f324b79e42b534866f,top-var,constant,226,C19,chapters/19-translation-units-and-process-entry.md,The class selects a parser after the speculative lexer scan has been reset.,https://github.com/delta9000/seed-forth/blob/bbcc1732152af2d884737272eed870d2410ffe8e/116-cc-prog.fth#L226-L226,226,Top-level classifier result convention,Define class value 0 for a file-scope variable.,Reference: classify without consuming,reference-classify-without-consuming,classification-data,taught,
116-cc-prog.fth,bbcc1732152af2d884737272eed870d2410ffe8e,28ef4a5db2bf7fec9ea3e4f324b79e42b534866f,top-proto,constant,227,C19,chapters/19-translation-units-and-process-entry.md,The class selects a parser after the speculative lexer scan has been reset.,https://github.com/delta9000/seed-forth/blob/bbcc1732152af2d884737272eed870d2410ffe8e/116-cc-prog.fth#L227-L227,227,Top-level classifier result convention,Define class value 1 for a function prototype.,Reference: classify without consuming,reference-classify-without-consuming,classification-data,taught,
116-cc-prog.fth,bbcc1732152af2d884737272eed870d2410ffe8e,28ef4a5db2bf7fec9ea3e4f324b79e42b534866f,top-fndef,constant,228,C19,chapters/19-translation-units-and-process-entry.md,The class selects a parser after the speculative lexer scan has been reset.,https://github.com/delta9000/seed-forth/blob/bbcc1732152af2d884737272eed870d2410ffe8e/116-cc-prog.fth#L228-L228,228,Top-level classifier result convention,Define class value 2 for a function definition.,Reference: classify without consuming,reference-classify-without-consuming,classification-data,taught,
116-cc-prog.fth,bbcc1732152af2d884737272eed870d2410ffe8e,28ef4a5db2bf7fec9ea3e4f324b79e42b534866f,cc-top-depth,variable,230,C19,chapters/19-translation-units-and-process-entry.md,Both scanners reset this scratch cell; it is not saved in the eight-cell lexer mark.,https://github.com/delta9000/seed-forth/blob/bbcc1732152af2d884737272eed870d2410ffe8e/116-cc-prog.fth#L230-L230,230,Top-level classifier or prototype skipper owns nonrecursive parenthesis depth,Count unmatched parentheses while scanning to a depth-zero terminator.,Reference: classify without consuming,reference-classify-without-consuming,state-contract,taught,
116-cc-prog.fth,bbcc1732152af2d884737272eed870d2410ffe8e,28ef4a5db2bf7fec9ea3e4f324b79e42b534866f,cc-top-var-seen,variable,231,C19,chapters/19-translation-units-and-process-entry.md,Prevents initializer/grouping and array-bound parentheses from turning those fixtures into prototypes.,https://github.com/delta9000/seed-forth/blob/bbcc1732152af2d884737272eed870d2410ffe8e/116-cc-prog.fth#L231-L231,231,One top-level classification scan,Remember whether = or [ appeared at depth zero before a candidate function parenthesis.,Reference: classify without consuming,reference-classify-without-consuming,state-contract,taught,
116-cc-prog.fth,bbcc1732152af2d884737272eed870d2410ffe8e,28ef4a5db2bf7fec9ea3e4f324b79e42b534866f,cc-top-classify,colon,238,C19,chapters/19-translation-units-and-process-entry.md,"Classification is a bounded syntax heuristic, not full declarator validation; it restores reader state rather than undoing arbitrary compiler effects.",https://github.com/delta9000/seed-forth/blob/bbcc1732152af2d884737272eed870d2410ffe8e/116-cc-prog.fth#L238-L271,271,Speculative scanner borrows shared lexer mark; committed parser retains token ownership,"Start as variable, note a qualifying parenthesis as prototype, choose definition at depth-zero opening brace, and reset lexer at EOF/semicolon/brace before returning the class.",Reference: classify without consuming,reference-classify-without-consuming,complete-mechanism,taught,
116-cc-prog.fth,bbcc1732152af2d884737272eed870d2410ffe8e,28ef4a5db2bf7fec9ea3e4f324b79e42b534866f,cc-top-skip-to-semi,colon,277,C19,chapters/19-translation-units-and-process-entry.md,Consumes rather than resets; it does not record parameter types or validate a complete prototype signature.,https://github.com/delta9000/seed-forth/blob/bbcc1732152af2d884737272eed870d2410ffe8e/116-cc-prog.fth#L277-L287,287,Prototype consumer owns skipped parameter/header tokens,Consume through a depth-zero semicolon while balancing parentheses; return early on EOF.,Reference: a repeated prototype must not hide a body,reference-a-repeated-prototype-must-not-hide-a-body,complete-mechanism,taught,
116-cc-prog.fth,bbcc1732152af2d884737272eed870d2410ffe8e,28ef4a5db2bf7fec9ea3e4f324b79e42b534866f,cc-register-fn-proto,colon,304,C19,chapters/19-translation-units-and-process-entry.md,Idempotency preserves a prior definition as newest function record. The producer does not build a checked C signature.,https://github.com/delta9000/seed-forth/blob/bbcc1732152af2d884737272eed870d2410ffe8e/116-cc-prog.fth#L304-L327,327,File-scope function identity owns unresolved call/address lists,"Consume return spelling and required name; retain an already-visible sk-func, otherwise append unresolved sk-func value zero, then skip through semicolon.",Reference: a repeated prototype must not hide a body,reference-a-repeated-prototype-must-not-hide-a-body,complete-mechanism,taught,chapters/18-functions-and-call-frame-accounting.md#publish-the-function-before-opening-its-scope
116-cc-prog.fth,bbcc1732152af2d884737272eed870d2410ffe8e,28ef4a5db2bf7fec9ea3e4f324b79e42b534866f,cc-gdecl-base,variable,356,C19,chapters/19-translation-units-and-process-entry.md,"These are builder scratch cells, not the generated global object.",https://github.com/delta9000/seed-forth/blob/bbcc1732152af2d884737272eed870d2410ffe8e/116-cc-prog.fth#L356-L356,356,Current file-scope declaration/declarator; no nested global-declaration lifetime,"Retain the current file-scope declaration base type, initially int, with char/struct distinctions.",Reference: declarations produce slots before addresses,reference-declarations-produce-slots-before-addresses,state-contract,taught,
116-cc-prog.fth,bbcc1732152af2d884737272eed870d2410ffe8e,28ef4a5db2bf7fec9ea3e4f324b79e42b534866f,cc-gdecl-name-a,variable,357,C19,chapters/19-translation-units-and-process-entry.md,"These are builder scratch cells, not the generated global object.",https://github.com/delta9000/seed-forth/blob/bbcc1732152af2d884737272eed870d2410ffe8e/116-cc-prog.fth#L357-L357,357,Current file-scope declaration/declarator; no nested global-declaration lifetime,Retain the current declarator name source address across following-token reads.,Reference: declarations produce slots before addresses,reference-declarations-produce-slots-before-addresses,state-contract,taught,
116-cc-prog.fth,bbcc1732152af2d884737272eed870d2410ffe8e,28ef4a5db2bf7fec9ea3e4f324b79e42b534866f,cc-gdecl-name-u,variable,358,C19,chapters/19-translation-units-and-process-entry.md,"These are builder scratch cells, not the generated global object.",https://github.com/delta9000/seed-forth/blob/bbcc1732152af2d884737272eed870d2410ffe8e/116-cc-prog.fth#L358-L358,358,Current file-scope declaration/declarator; no nested global-declaration lifetime,Retain the current declarator name byte length across following-token reads.,Reference: declarations produce slots before addresses,reference-declarations-produce-slots-before-addresses,state-contract,taught,
116-cc-prog.fth,bbcc1732152af2d884737272eed870d2410ffe8e,28ef4a5db2bf7fec9ea3e4f324b79e42b534866f,cc-gdecl-slot,variable,359,C19,chapters/19-translation-units-and-process-entry.md,"These are builder scratch cells, not the generated global object.",https://github.com/delta9000/seed-forth/blob/bbcc1732152af2d884737272eed870d2410ffe8e/116-cc-prog.fth#L359-L359,359,Current file-scope declaration/declarator; no nested global-declaration lifetime,Retain the selected data offset or BSS-tagged slot for the current declarator.,Reference: declarations produce slots before addresses,reference-declarations-produce-slots-before-addresses,state-contract,taught,
116-cc-prog.fth,bbcc1732152af2d884737272eed870d2410ffe8e,28ef4a5db2bf7fec9ea3e4f324b79e42b534866f,cc-gdecl-desc,variable,360,C19,chapters/19-translation-units-and-process-entry.md,"These are builder scratch cells, not the generated global object.",https://github.com/delta9000/seed-forth/blob/bbcc1732152af2d884737272eed870d2410ffe8e/116-cc-prog.fth#L360-L360,360,Current file-scope declaration/declarator; no nested global-declaration lifetime,"Retain a soft-looked-up struct descriptor, or zero when unknown/not struct.",Reference: declarations produce slots before addresses,reference-declarations-produce-slots-before-addresses,state-contract,taught,
116-cc-prog.fth,bbcc1732152af2d884737272eed870d2410ffe8e,28ef4a5db2bf7fec9ea3e4f324b79e42b534866f,cc-gdecl-ptr-depth,variable,361,C19,chapters/19-translation-units-and-process-entry.md,"These are builder scratch cells, not the generated global object.",https://github.com/delta9000/seed-forth/blob/bbcc1732152af2d884737272eed870d2410ffe8e/116-cc-prog.fth#L361-L361,361,Current file-scope declaration/declarator; no nested global-declaration lifetime,"Retain the number of stars for the current declarator, used in type and storage-size choices.",Reference: declarations produce slots before addresses,reference-declarations-produce-slots-before-addresses,state-contract,taught,
116-cc-prog.fth,bbcc1732152af2d884737272eed870d2410ffe8e,28ef4a5db2bf7fec9ea3e4f324b79e42b534866f,cc-gdecl-scalar-bytes,colon,369,C19,chapters/19-translation-units-and-process-entry.md,Opaque struct references and struct pointers take the eight-byte branch; this helper is not the array-allocation rule.,https://github.com/delta9000/seed-forth/blob/bbcc1732152af2d884737272eed870d2410ffe8e/116-cc-prog.fth#L369-L376,376,"Current scalar declarator supplies base, depth and descriptor",Use descriptor total size rounded up to eight for a known nonpointer struct; otherwise return eight bytes.,A new scalar allocates; a repeated scalar reuses,a-new-scalar-allocates-a-repeated-scalar-reuses,complete-mechanism,taught,
116-cc-prog.fth,bbcc1732152af2d884737272eed870d2410ffe8e,28ef4a5db2bf7fec9ea3e4f324b79e42b534866f,cc-gdecl-add,colon,380,C19,chapters/19-translation-units-and-process-entry.md,The caller separately attaches a struct descriptor or array length; slot is not yet the final target address.,https://github.com/delta9000/seed-forth/blob/bbcc1732152af2d884737272eed870d2410ffe8e/116-cc-prog.fth#L380-L385,385,File-scope symbol table owns new global row,"Add current name as sk-global with packed base/depth and selected slot payload, returning its ID.",A new scalar allocates; a repeated scalar reuses,a-new-scalar-allocates-a-repeated-scalar-reuses,complete-mechanism,taught,
116-cc-prog.fth,bbcc1732152af2d884737272eed870d2410ffe8e,28ef4a5db2bf7fec9ea3e4f324b79e42b534866f,cc-gdecl-declared,colon,389,C19,chapters/19-translation-units-and-process-entry.md,This query supports scalar reuse; it does not compare declaration types or implement external linkage semantics.,https://github.com/delta9000/seed-forth/blob/bbcc1732152af2d884737272eed870d2410ffe8e/116-cc-prog.fth#L389-L393,393,Newest visible ordinary symbol for the current declarator name,Return an existing ID only when the newest matching row is sk-global; otherwise return -1.,A new scalar allocates; a repeated scalar reuses,a-new-scalar-allocates-a-repeated-scalar-reuses,complete-mechanism,taught,
116-cc-prog.fth,bbcc1732152af2d884737272eed870d2410ffe8e,28ef4a5db2bf7fec9ea3e4f324b79e42b534866f,cc-gdecl-declarator,colon,397,C19,chapters/19-translation-units-and-process-entry.md,"Array allocation precedes the scalar-reuse path, so repeated arrays do not share its reuse behavior. The return leaves comma/semicolon current.",https://github.com/delta9000/seed-forth/blob/bbcc1732152af2d884737272eed870d2410ffe8e/116-cc-prog.fth#L397-L427,427,Current declaration owns type scratch; global-data/BSS allocators own storage cursors,"Read stars/name and suffix; arrays allocate N*8 BSS bytes and record length, while scalars reuse a prior global slot or allocate size, optionally writing an eight-byte constant initializer.","Select the base, then parse each declarator",select-the-base-then-parse-each-declarator,complete-mechanism,taught,chapters/19-translation-units-and-process-entry.md#a-new-scalar-allocates-a-repeated-scalar-reuses; chapters/19-translation-units-and-process-entry.md#an-array-takes-a-different-branch
116-cc-prog.fth,bbcc1732152af2d884737272eed870d2410ffe8e,28ef4a5db2bf7fec9ea3e4f324b79e42b534866f,cc-parse-global-decl,colon,432,C19,chapters/19-translation-units-and-process-entry.md,A typedef-name identifier is accepted without looking up its payload here; storage/qualifier skipping does not confer full C extern/typedef semantics.,https://github.com/delta9000/seed-forth/blob/bbcc1732152af2d884737272eed870d2410ffe8e/116-cc-prog.fth#L432-L475,475,File-scope declaration owns shared base/descriptor and per-declarator scratch,"Read base spelling, soft-resolve struct tags or retain char/int, consume qualifiers, process comma-separated declarators, and require semicolon.","Select the base, then parse each declarator",select-the-base-then-parse-each-declarator,complete-mechanism,taught,
116-cc-prog.fth,bbcc1732152af2d884737272eed870d2410ffe8e,28ef4a5db2bf7fec9ea3e4f324b79e42b534866f,cc-finalize-globals,colon,489,C19,chapters/19-translation-units-and-process-entry.md,C10 derives the full finalizer. This stage follows all function/late-shim emission and precedes ELF-size completion; BSS extent is not appended as file bytes.,https://github.com/delta9000/seed-forth/blob/bbcc1732152af2d884737272eed870d2410ffe8e/116-cc-prog.fth#L489-L515,515,Completed translation unit owns final code end; global-reference records own absolute-address fields,"Record data base, append data bytes, pad to eight only when BSS exists, set BSS base/extent, and patch every recorded imm64 from its data or tagged-BSS slot.",Reference: place the objects after all emitted bodies,reference-place-the-objects-after-all-emitted-bodies,consumer-retrieval,taught,chapters/10-calls-literals-and-deferred-addresses.md#finish-a-complete-data-plus-bss-placement
116-cc-prog.fth,bbcc1732152af2d884737272eed870d2410ffe8e,28ef4a5db2bf7fec9ea3e4f324b79e42b534866f,cc-struct-def-ahead?,colon,520,C19,chapters/19-translation-units-and-process-entry.md,The body tests the second token for {; it does not independently verify that the first token is a tag identifier.,https://github.com/delta9000/seed-forth/blob/bbcc1732152af2d884737272eed870d2410ffe8e/116-cc-prog.fth#L520-L525,525,Top-level dispatcher borrows one shared lexer mark,"After current struct, read two fresh tokens and test whether the second is an opening brace, then restore lexer state.",Reference: classify without consuming,reference-classify-without-consuming,complete-mechanism,taught,
116-cc-prog.fth,bbcc1732152af2d884737272eed870d2410ffe8e,28ef4a5db2bf7fec9ea3e4f324b79e42b534866f,cc-enum-def-ahead?,colon,530,C19,chapters/19-translation-units-and-process-entry.md,Admits the enum-definition fork with either anonymous or tagged braces without consuming the chosen parser's input.,https://github.com/delta9000/seed-forth/blob/bbcc1732152af2d884737272eed870d2410ffe8e/116-cc-prog.fth#L530-L535,535,Top-level dispatcher borrows one shared lexer mark,"Read the next token, optionally advance past an identifier tag, test opening brace and restore the complete saved state.",Reference: classify without consuming,reference-classify-without-consuming,complete-mechanism,taught,
116-cc-prog.fth,bbcc1732152af2d884737272eed870d2410ffe8e,28ef4a5db2bf7fec9ea3e4f324b79e42b534866f,cc-parse-top-decl,colon,543,C19,chapters/19-translation-units-and-process-entry.md,Definition parsers receive their keyword consumed; the classifier routes receive the first token replayable. Struct parsing reuses C15's producer.,https://github.com/delta9000/seed-forth/blob/bbcc1732152af2d884737272eed870d2410ffe8e/116-cc-prog.fth#L543-L558,558,Top-level dispatcher routes current consumed token to one producer,"Recognize enum/typedef/struct definitions first; otherwise put the type back, classify, then dispatch function definition, prototype or global declaration.",Reference: classify without consuming,reference-classify-without-consuming,complete-mechanism,taught,
116-cc-prog.fth,bbcc1732152af2d884737272eed870d2410ffe8e,28ef4a5db2bf7fec9ea3e4f324b79e42b534866f,cc-parse-function-list,colon,562,C19,chapters/19-translation-units-and-process-entry.md,"Despite its historical name, the loop accepts more than function definitions.",https://github.com/delta9000/seed-forth/blob/bbcc1732152af2d884737272eed870d2410ffe8e/116-cc-prog.fth#L562-L569,569,Translation-unit loop owns repeated file-scope parsing through EOF,"Skip/collect leading storage qualifiers, read a token and dispatch top-level declarations until EOF.",Reference: classify without consuming,reference-classify-without-consuming,complete-mechanism,taught,
116-cc-prog.fth,bbcc1732152af2d884737272eed870d2410ffe8e,28ef4a5db2bf7fec9ea3e4f324b79e42b534866f,cc-emit-entry-stub,colon,585,C19,chapters/19-translation-units-and-process-entry.md,"Records the rel32 field offset in cc-call-main-patch. Main-call alignment is conditional on the stipulated loader stack; the ELF entry remains the stub, not main.",https://github.com/delta9000/seed-forth/blob/bbcc1732152af2d884737272eed870d2410ffe8e/116-cc-prog.fth#L585-L613,613,Program entry owns a 26-byte target prefix and the main-call field record,"Emit argc from [RSP], argv address RSP+8, CALL placeholder, result-to-exit-argument transfer, syscall number 60 and SYSCALL.",Reserve the first call before knowing its destination,reserve-the-first-call-before-knowing-its-destination,complete-mechanism,taught,chapters/11-a-bounded-legacy-runtime.md#the-entry-stub-is-the-first-caller
116-cc-prog.fth,bbcc1732152af2d884737272eed870d2410ffe8e,28ef4a5db2bf7fec9ea3e4f324b79e42b534866f,cc-patch-call-main,colon,618,C19,chapters/19-translation-units-and-process-entry.md,Requires main to have been found and the displacement to fit; it does not change the ELF entry address.,https://github.com/delta9000/seed-forth/blob/bbcc1732152af2d884737272eed870d2410ffe8e/116-cc-prog.fth#L618-L622,622,Program completion consumes the recorded main address and entry call-field offset,Patch main_vaddr-(base+call-field+4) into the entry CALL's four-byte displacement.,Close the promises before closing the file,close-the-promises-before-closing-the-file,complete-mechanism,taught,
116-cc-prog.fth,bbcc1732152af2d884737272eed870d2410ffe8e,28ef4a5db2bf7fec9ea3e4f324b79e42b534866f,cc-name-putchar,create,638,C19,chapters/19-translation-units-and-process-entry.md,No length prefix or target body is implied by this created object; registration supplies the explicit length.,https://github.com/delta9000/seed-forth/blob/bbcc1732152af2d884737272eed870d2410ffe8e/116-cc-prog.fth#L638-L638,638,Static builder literal; runtime-registration producer supplies its symbol row,"Store 7 raw name bytes for putchar, used for eager body registration.",Reference: runtime names have three completion policies,reference-runtime-names-have-three-completion-policies,literal-data,taught,chapters/11-a-bounded-legacy-runtime.md#which-bodies-are-present-and-who-owns-their-bytes
116-cc-prog.fth,bbcc1732152af2d884737272eed870d2410ffe8e,28ef4a5db2bf7fec9ea3e4f324b79e42b534866f,cc-name-exit,create,639,C19,chapters/19-translation-units-and-process-entry.md,No length prefix or target body is implied by this created object; registration supplies the explicit length.,https://github.com/delta9000/seed-forth/blob/bbcc1732152af2d884737272eed870d2410ffe8e/116-cc-prog.fth#L639-L639,639,Static builder literal; runtime-registration producer supplies its symbol row,"Store 4 raw name bytes for exit, used for eager body registration.",Reference: runtime names have three completion policies,reference-runtime-names-have-three-completion-policies,literal-data,taught,chapters/11-a-bounded-legacy-runtime.md#which-bodies-are-present-and-who-owns-their-bytes
116-cc-prog.fth,bbcc1732152af2d884737272eed870d2410ffe8e,28ef4a5db2bf7fec9ea3e4f324b79e42b534866f,cc-name-getchar,create,640,C19,chapters/19-translation-units-and-process-entry.md,No length prefix or target body is implied by this created object; registration supplies the explicit length.,https://github.com/delta9000/seed-forth/blob/bbcc1732152af2d884737272eed870d2410ffe8e/116-cc-prog.fth#L640-L640,640,Static builder literal; runtime-registration producer supplies its symbol row,"Store 7 raw name bytes for getchar, used for eager body registration.",Reference: runtime names have three completion policies,reference-runtime-names-have-three-completion-policies,literal-data,taught,chapters/11-a-bounded-legacy-runtime.md#which-bodies-are-present-and-who-owns-their-bytes
116-cc-prog.fth,bbcc1732152af2d884737272eed870d2410ffe8e,28ef4a5db2bf7fec9ea3e4f324b79e42b534866f,cc-name-fputs,create,641,C19,chapters/19-translation-units-and-process-entry.md,No length prefix or target body is implied by this created object; registration supplies the explicit length.,https://github.com/delta9000/seed-forth/blob/bbcc1732152af2d884737272eed870d2410ffe8e/116-cc-prog.fth#L641-L641,641,Static builder literal; runtime-registration producer supplies its symbol row,"Store 5 raw name bytes for fputs, used for eager body registration.",Reference: runtime names have three completion policies,reference-runtime-names-have-three-completion-policies,literal-data,taught,chapters/11-a-bounded-legacy-runtime.md#which-bodies-are-present-and-who-owns-their-bytes
116-cc-prog.fth,bbcc1732152af2d884737272eed870d2410ffe8e,28ef4a5db2bf7fec9ea3e4f324b79e42b534866f,cc-name-fopen,create,642,C19,chapters/19-translation-units-and-process-entry.md,No length prefix or target body is implied by this created object; registration supplies the explicit length.,https://github.com/delta9000/seed-forth/blob/bbcc1732152af2d884737272eed870d2410ffe8e/116-cc-prog.fth#L642-L642,642,Static builder literal; runtime-registration producer supplies its symbol row,"Store 5 raw name bytes for fopen, used for eager body registration.",Reference: runtime names have three completion policies,reference-runtime-names-have-three-completion-policies,literal-data,taught,chapters/11-a-bounded-legacy-runtime.md#which-bodies-are-present-and-who-owns-their-bytes
116-cc-prog.fth,bbcc1732152af2d884737272eed870d2410ffe8e,28ef4a5db2bf7fec9ea3e4f324b79e42b534866f,cc-name-fclose,create,643,C19,chapters/19-translation-units-and-process-entry.md,No length prefix or target body is implied by this created object; registration supplies the explicit length.,https://github.com/delta9000/seed-forth/blob/bbcc1732152af2d884737272eed870d2410ffe8e/116-cc-prog.fth#L643-L643,643,Static builder literal; runtime-registration producer supplies its symbol row,"Store 6 raw name bytes for fclose, used for eager body registration.",Reference: runtime names have three completion policies,reference-runtime-names-have-three-completion-policies,literal-data,taught,chapters/11-a-bounded-legacy-runtime.md#which-bodies-are-present-and-who-owns-their-bytes
116-cc-prog.fth,bbcc1732152af2d884737272eed870d2410ffe8e,28ef4a5db2bf7fec9ea3e4f324b79e42b534866f,cc-name-fputc,create,644,C19,chapters/19-translation-units-and-process-entry.md,No length prefix or target body is implied by this created object; registration supplies the explicit length.,https://github.com/delta9000/seed-forth/blob/bbcc1732152af2d884737272eed870d2410ffe8e/116-cc-prog.fth#L644-L644,644,Static builder literal; runtime-registration producer supplies its symbol row,"Store 5 raw name bytes for fputc, used for eager body registration.",Reference: runtime names have three completion policies,reference-runtime-names-have-three-completion-policies,literal-data,taught,chapters/11-a-bounded-legacy-runtime.md#which-bodies-are-present-and-who-owns-their-bytes
116-cc-prog.fth,bbcc1732152af2d884737272eed870d2410ffe8e,28ef4a5db2bf7fec9ea3e4f324b79e42b534866f,cc-name-fread,create,645,C19,chapters/19-translation-units-and-process-entry.md,No length prefix or target body is implied by this created object; registration supplies the explicit length.,https://github.com/delta9000/seed-forth/blob/bbcc1732152af2d884737272eed870d2410ffe8e/116-cc-prog.fth#L645-L645,645,Static builder literal; runtime-registration producer supplies its symbol row,"Store 5 raw name bytes for fread, used for eager body registration.",Reference: runtime names have three completion policies,reference-runtime-names-have-three-completion-policies,literal-data,taught,chapters/11-a-bounded-legacy-runtime.md#which-bodies-are-present-and-who-owns-their-bytes
116-cc-prog.fth,bbcc1732152af2d884737272eed870d2410ffe8e,28ef4a5db2bf7fec9ea3e4f324b79e42b534866f,cc-name-fwrite,create,646,C19,chapters/19-translation-units-and-process-entry.md,No length prefix or target body is implied by this created object; registration supplies the explicit length.,https://github.com/delta9000/seed-forth/blob/bbcc1732152af2d884737272eed870d2410ffe8e/116-cc-prog.fth#L646-L646,646,Static builder literal; runtime-registration producer supplies its symbol row,"Store 6 raw name bytes for fwrite, used for eager body registration.",Reference: runtime names have three completion policies,reference-runtime-names-have-three-completion-policies,literal-data,taught,chapters/11-a-bounded-legacy-runtime.md#which-bodies-are-present-and-who-owns-their-bytes
116-cc-prog.fth,bbcc1732152af2d884737272eed870d2410ffe8e,28ef4a5db2bf7fec9ea3e4f324b79e42b534866f,cc-name-calloc,create,647,C19,chapters/19-translation-units-and-process-entry.md,No length prefix or target body is implied by this created object; registration supplies the explicit length.,https://github.com/delta9000/seed-forth/blob/bbcc1732152af2d884737272eed870d2410ffe8e/116-cc-prog.fth#L647-L647,647,Static builder literal; runtime-registration producer supplies its symbol row,"Store 6 raw name bytes for calloc, used for eager body registration.",Reference: runtime names have three completion policies,reference-runtime-names-have-three-completion-policies,literal-data,taught,chapters/11-a-bounded-legacy-runtime.md#which-bodies-are-present-and-who-owns-their-bytes
116-cc-prog.fth,bbcc1732152af2d884737272eed870d2410ffe8e,28ef4a5db2bf7fec9ea3e4f324b79e42b534866f,cc-name-memset,create,648,C19,chapters/19-translation-units-and-process-entry.md,No length prefix or target body is implied by this created object; registration supplies the explicit length.,https://github.com/delta9000/seed-forth/blob/bbcc1732152af2d884737272eed870d2410ffe8e/116-cc-prog.fth#L648-L648,648,Static builder literal; runtime-registration producer supplies its symbol row,"Store 6 raw name bytes for memset, used for external unresolved prototype only.",Reference: runtime names have three completion policies,reference-runtime-names-have-three-completion-policies,literal-data,taught,chapters/11-a-bounded-legacy-runtime.md#which-bodies-are-present-and-who-owns-their-bytes
116-cc-prog.fth,bbcc1732152af2d884737272eed870d2410ffe8e,28ef4a5db2bf7fec9ea3e4f324b79e42b534866f,cc-name-free,create,649,C19,chapters/19-translation-units-and-process-entry.md,No length prefix or target body is implied by this created object; registration supplies the explicit length.,https://github.com/delta9000/seed-forth/blob/bbcc1732152af2d884737272eed870d2410ffe8e/116-cc-prog.fth#L649-L649,649,Static builder literal; runtime-registration producer supplies its symbol row,"Store 4 raw name bytes for free, used for eager body registration.",Reference: runtime names have three completion policies,reference-runtime-names-have-three-completion-policies,literal-data,taught,chapters/11-a-bounded-legacy-runtime.md#which-bodies-are-present-and-who-owns-their-bytes
116-cc-prog.fth,bbcc1732152af2d884737272eed870d2410ffe8e,28ef4a5db2bf7fec9ea3e4f324b79e42b534866f,cc-name-open,create,650,C19,chapters/19-translation-units-and-process-entry.md,No length prefix or target body is implied by this created object; registration supplies the explicit length.,https://github.com/delta9000/seed-forth/blob/bbcc1732152af2d884737272eed870d2410ffe8e/116-cc-prog.fth#L650-L650,650,Static builder literal; runtime-registration producer supplies its symbol row,"Store 4 raw name bytes for open, used for demanded late-body registration.",Reference: runtime names have three completion policies,reference-runtime-names-have-three-completion-policies,literal-data,taught,chapters/11-a-bounded-legacy-runtime.md#which-bodies-are-present-and-who-owns-their-bytes
116-cc-prog.fth,bbcc1732152af2d884737272eed870d2410ffe8e,28ef4a5db2bf7fec9ea3e4f324b79e42b534866f,cc-name-read,create,651,C19,chapters/19-translation-units-and-process-entry.md,No length prefix or target body is implied by this created object; registration supplies the explicit length.,https://github.com/delta9000/seed-forth/blob/bbcc1732152af2d884737272eed870d2410ffe8e/116-cc-prog.fth#L651-L651,651,Static builder literal; runtime-registration producer supplies its symbol row,"Store 4 raw name bytes for read, used for demanded late-body registration.",Reference: runtime names have three completion policies,reference-runtime-names-have-three-completion-policies,literal-data,taught,chapters/11-a-bounded-legacy-runtime.md#which-bodies-are-present-and-who-owns-their-bytes
116-cc-prog.fth,bbcc1732152af2d884737272eed870d2410ffe8e,28ef4a5db2bf7fec9ea3e4f324b79e42b534866f,cc-name-write,create,652,C19,chapters/19-translation-units-and-process-entry.md,No length prefix or target body is implied by this created object; registration supplies the explicit length.,https://github.com/delta9000/seed-forth/blob/bbcc1732152af2d884737272eed870d2410ffe8e/116-cc-prog.fth#L652-L652,652,Static builder literal; runtime-registration producer supplies its symbol row,"Store 5 raw name bytes for write, used for demanded late-body registration.",Reference: runtime names have three completion policies,reference-runtime-names-have-three-completion-policies,literal-data,taught,chapters/11-a-bounded-legacy-runtime.md#which-bodies-are-present-and-who-owns-their-bytes
116-cc-prog.fth,bbcc1732152af2d884737272eed870d2410ffe8e,28ef4a5db2bf7fec9ea3e4f324b79e42b534866f,cc-name-close,create,653,C19,chapters/19-translation-units-and-process-entry.md,No length prefix or target body is implied by this created object; registration supplies the explicit length.,https://github.com/delta9000/seed-forth/blob/bbcc1732152af2d884737272eed870d2410ffe8e/116-cc-prog.fth#L653-L653,653,Static builder literal; runtime-registration producer supplies its symbol row,"Store 5 raw name bytes for close, used for demanded late-body registration.",Reference: runtime names have three completion policies,reference-runtime-names-have-three-completion-policies,literal-data,taught,chapters/11-a-bounded-legacy-runtime.md#which-bodies-are-present-and-who-owns-their-bytes
116-cc-prog.fth,bbcc1732152af2d884737272eed870d2410ffe8e,28ef4a5db2bf7fec9ea3e4f324b79e42b534866f,cc-name-malloc,create,654,C19,chapters/19-translation-units-and-process-entry.md,No length prefix or target body is implied by this created object; registration supplies the explicit length.,https://github.com/delta9000/seed-forth/blob/bbcc1732152af2d884737272eed870d2410ffe8e/116-cc-prog.fth#L654-L654,654,Static builder literal; runtime-registration producer supplies its symbol row,"Store 6 raw name bytes for malloc, used for demanded late-body registration.",Reference: runtime names have three completion policies,reference-runtime-names-have-three-completion-policies,literal-data,taught,chapters/11-a-bounded-legacy-runtime.md#which-bodies-are-present-and-who-owns-their-bytes
116-cc-prog.fth,bbcc1732152af2d884737272eed870d2410ffe8e,28ef4a5db2bf7fec9ea3e4f324b79e42b534866f,cc-name-strlen,create,655,C19,chapters/19-translation-units-and-process-entry.md,No length prefix or target body is implied by this created object; registration supplies the explicit length.,https://github.com/delta9000/seed-forth/blob/bbcc1732152af2d884737272eed870d2410ffe8e/116-cc-prog.fth#L655-L655,655,Static builder literal; runtime-registration producer supplies its symbol row,"Store 6 raw name bytes for strlen, used for demanded late-body registration.",Reference: runtime names have three completion policies,reference-runtime-names-have-three-completion-policies,literal-data,taught,chapters/11-a-bounded-legacy-runtime.md#which-bodies-are-present-and-who-owns-their-bytes
116-cc-prog.fth,bbcc1732152af2d884737272eed870d2410ffe8e,28ef4a5db2bf7fec9ea3e4f324b79e42b534866f,cc-name-memcpy,create,656,C19,chapters/19-translation-units-and-process-entry.md,No length prefix or target body is implied by this created object; registration supplies the explicit length.,https://github.com/delta9000/seed-forth/blob/bbcc1732152af2d884737272eed870d2410ffe8e/116-cc-prog.fth#L656-L656,656,Static builder literal; runtime-registration producer supplies its symbol row,"Store 6 raw name bytes for memcpy, used for demanded late-body registration.",Reference: runtime names have three completion policies,reference-runtime-names-have-three-completion-policies,literal-data,taught,chapters/11-a-bounded-legacy-runtime.md#which-bodies-are-present-and-who-owns-their-bytes
116-cc-prog.fth,bbcc1732152af2d884737272eed870d2410ffe8e,28ef4a5db2bf7fec9ea3e4f324b79e42b534866f,cc-name-strrchr,create,657,C19,chapters/19-translation-units-and-process-entry.md,No length prefix or target body is implied by this created object; registration supplies the explicit length.,https://github.com/delta9000/seed-forth/blob/bbcc1732152af2d884737272eed870d2410ffe8e/116-cc-prog.fth#L657-L657,657,Static builder literal; runtime-registration producer supplies its symbol row,"Store 7 raw name bytes for strrchr, used for demanded late-body registration.",Reference: runtime names have three completion policies,reference-runtime-names-have-three-completion-policies,literal-data,taught,chapters/11-a-bounded-legacy-runtime.md#which-bodies-are-present-and-who-owns-their-bytes
116-cc-prog.fth,bbcc1732152af2d884737272eed870d2410ffe8e,28ef4a5db2bf7fec9ea3e4f324b79e42b534866f,cc-emit-shims,colon,661,C19,chapters/19-translation-units-and-process-entry.md,These 11 legacy bodies contribute 376 bytes under the stated default providers; creation order of the name literals is not emission order.,https://github.com/delta9000/seed-forth/blob/bbcc1732152af2d884737272eed870d2410ffe8e/116-cc-prog.fth#L661-L740,740,Program prefix owns eager target bodies and their visible sk-func rows,"Register then emit putchar, exit, getchar, fputs, fputc, fopen, fclose, fwrite, fread, calloc and free in that order.",Eager bodies are already defined,eager-bodies-are-already-defined,registration-and-order,taught,chapters/11-a-bounded-legacy-runtime.md#which-bodies-are-present-and-who-owns-their-bytes; chapters/19-translation-units-and-process-entry.md#the-runtime-occupies-bytes-even-when-this-program-does-not-call-it
116-cc-prog.fth,bbcc1732152af2d884737272eed870d2410ffe8e,28ef4a5db2bf7fec9ea3e4f324b79e42b534866f,cc-emit-open-shim,colon,757,C19,chapters/19-translation-units-and-process-entry.md,The shared emitter supplies result/error handling; this word emits a target wrapper rather than making the target syscall now.,https://github.com/delta9000/seed-forth/blob/bbcc1732152af2d884737272eed870d2410ffe8e/116-cc-prog.fth#L757-L757,757,Demanded late-shim table selects this builder emitter,Supply Linux x86-64 syscall number 2 to cc-emit-syscall-shim for the open wrapper.,Late bodies wait on either kind of use,late-bodies-wait-on-either-kind-of-use,consumer-adapter,taught,chapters/11-a-bounded-legacy-runtime.md#reference-cards-character-file-and-process-operations
116-cc-prog.fth,bbcc1732152af2d884737272eed870d2410ffe8e,28ef4a5db2bf7fec9ea3e4f324b79e42b534866f,cc-emit-read-shim,colon,758,C19,chapters/19-translation-units-and-process-entry.md,The shared emitter supplies result/error handling; this word emits a target wrapper rather than making the target syscall now.,https://github.com/delta9000/seed-forth/blob/bbcc1732152af2d884737272eed870d2410ffe8e/116-cc-prog.fth#L758-L758,758,Demanded late-shim table selects this builder emitter,Supply Linux x86-64 syscall number 0 to cc-emit-syscall-shim for the read wrapper.,Late bodies wait on either kind of use,late-bodies-wait-on-either-kind-of-use,consumer-adapter,taught,chapters/11-a-bounded-legacy-runtime.md#reference-cards-character-file-and-process-operations
116-cc-prog.fth,bbcc1732152af2d884737272eed870d2410ffe8e,28ef4a5db2bf7fec9ea3e4f324b79e42b534866f,cc-emit-write-shim,colon,759,C19,chapters/19-translation-units-and-process-entry.md,The shared emitter supplies result/error handling; this word emits a target wrapper rather than making the target syscall now.,https://github.com/delta9000/seed-forth/blob/bbcc1732152af2d884737272eed870d2410ffe8e/116-cc-prog.fth#L759-L759,759,Demanded late-shim table selects this builder emitter,Supply Linux x86-64 syscall number 1 to cc-emit-syscall-shim for the write wrapper.,Late bodies wait on either kind of use,late-bodies-wait-on-either-kind-of-use,consumer-adapter,taught,chapters/11-a-bounded-legacy-runtime.md#reference-cards-character-file-and-process-operations
116-cc-prog.fth,bbcc1732152af2d884737272eed870d2410ffe8e,28ef4a5db2bf7fec9ea3e4f324b79e42b534866f,cc-emit-close-shim,colon,760,C19,chapters/19-translation-units-and-process-entry.md,The shared emitter supplies result/error handling; this word emits a target wrapper rather than making the target syscall now.,https://github.com/delta9000/seed-forth/blob/bbcc1732152af2d884737272eed870d2410ffe8e/116-cc-prog.fth#L760-L760,760,Demanded late-shim table selects this builder emitter,Supply Linux x86-64 syscall number 3 to cc-emit-syscall-shim for the close wrapper.,Late bodies wait on either kind of use,late-bodies-wait-on-either-kind-of-use,consumer-adapter,taught,chapters/11-a-bounded-legacy-runtime.md#reference-cards-character-file-and-process-operations
116-cc-prog.fth,bbcc1732152af2d884737272eed870d2410ffe8e,28ef4a5db2bf7fec9ea3e4f324b79e42b534866f,cc-emit-malloc-late,colon,762,C19,chapters/19-translation-units-and-process-entry.md,The inspected cc-sym-find contract is newest-first; do not read the adjacent comment's first function as a different lookup algorithm.,https://github.com/delta9000/seed-forth/blob/bbcc1732152af2d884737272eed870d2410ffe8e/116-cc-prog.fth#L762-L763,763,Late malloc producer resolves its eager calloc destination,"Look up visible calloc by its six-byte name, fetch the symbol address and give it to cc-emit-malloc-shim.",Late bodies wait on either kind of use,late-bodies-wait-on-either-kind-of-use,consumer-adapter,taught,chapters/11-a-bounded-legacy-runtime.md#allocation-reference-cards
116-cc-prog.fth,bbcc1732152af2d884737272eed870d2410ffe8e,28ef4a5db2bf7fec9ea3e4f324b79e42b534866f,cc-late-shims,create,765,C19,chapters/19-translation-units-and-process-entry.md,Rows are initialized immediately after create. Their builder execution tokens are not generated C function addresses; complete storage is 264 bytes.,https://github.com/delta9000/seed-forth/blob/bbcc1732152af2d884737272eed870d2410ffe8e/116-cc-prog.fth#L765-L765,765,Static builder table; registration mutates each row's symbol-ID cell,"Name the start of eight 32-byte rows containing name pointer, length, emitter execution token and symbol ID, followed by a zero-name sentinel.",Late bodies wait on either kind of use,late-bodies-wait-on-either-kind-of-use,table-layout,taught,chapters/11-a-bounded-legacy-runtime.md#late-names-wait-for-a-call-or-an-address
116-cc-prog.fth,bbcc1732152af2d884737272eed870d2410ffe8e,28ef4a5db2bf7fec9ea3e4f324b79e42b534866f,cc-late-shims row data and sentinel,initialization,766,C19,chapters/19-translation-units-and-process-entry.md,"Eight 32-byte rows plus one eight-byte sentinel total 264 bytes; commas append builder cells, not generated function bodies.",https://github.com/delta9000/seed-forth/blob/bbcc1732152af2d884737272eed870d2410ffe8e/116-cc-prog.fth#L766-L774,774,Static table initializer; later registration owns the mutable ID fields,"Append eight rows for malloc,open,read,write,close,strlen,memcpy,strrchr, each {name,length,emitter-xt,0}, then one zero-name cell.",Late bodies wait on either kind of use,late-bodies-wait-on-either-kind-of-use,table-initialization,taught,
116-cc-prog.fth,bbcc1732152af2d884737272eed870d2410ffe8e,28ef4a5db2bf7fec9ea3e4f324b79e42b534866f,cc-register-late-shims,colon,777,C19,chapters/19-translation-units-and-process-entry.md,Creates names before user parsing without emitting those bodies; each row starts with empty call/address lists.,https://github.com/delta9000/seed-forth/blob/bbcc1732152af2d884737272eed870d2410ffe8e/116-cc-prog.fth#L777-L785,785,Program startup owns unresolved function rows; each table row retains its assigned ID,"Walk 32-byte rows until zero name, add unresolved sk-func value zero and store its returned ID at row+24.",Late bodies wait on either kind of use,late-bodies-wait-on-either-kind-of-use,registration-and-order,taught,chapters/11-a-bounded-legacy-runtime.md#late-names-wait-for-a-call-or-an-address
116-cc-prog.fth,bbcc1732152af2d884737272eed870d2410ffe8e,28ef4a5db2bf7fec9ea3e4f324b79e42b534866f,cc-emit-late-shims,colon,789,C19,chapters/19-translation-units-and-process-entry.md,"An address-only use demands a body. A user definition can take and clear the prototype lists earlier, so that row needs no built-in body.",https://github.com/delta9000/seed-forth/blob/bbcc1732152af2d884737272eed870d2410ffe8e/116-cc-prog.fth#L789-L804,804,Program completion owns demanded bodies; saved symbol IDs own pending lists,"For a row with pending call OR address fixups, publish current output address, patch both lists, clear both heads and execute the stored emitter token.",Late bodies wait on either kind of use,late-bodies-wait-on-either-kind-of-use,complete-mechanism,taught,chapters/11-a-bounded-legacy-runtime.md#late-names-wait-for-a-call-or-an-address
116-cc-prog.fth,bbcc1732152af2d884737272eed870d2410ffe8e,28ef4a5db2bf7fec9ea3e4f324b79e42b534866f,cc-emit-external-protos,colon,812,C19,chapters/19-translation-units-and-process-entry.md,Unused declaration may remain unresolved; a use leaves fixups and is rejected by the final used-function check.,https://github.com/delta9000/seed-forth/blob/bbcc1732152af2d884737272eed870d2410ffe8e/116-cc-prog.fth#L812-L813,813,Program startup owns one unresolved external-name row,"Register memset as sk-func with int/depth-zero type and address zero, without emitting a body.",A recognized external name may still have no body,a-recognized-external-name-may-still-have-no-body,registration-and-order,taught,
116-cc-prog.fth,bbcc1732152af2d884737272eed870d2410ffe8e,28ef4a5db2bf7fec9ea3e4f324b79e42b534866f,cc-name-FILE,create,818,C19,chapters/19-translation-units-and-process-entry.md,The spelling alone does not imply its standard C width; this legacy registration maps every such name to int/depth zero.,https://github.com/delta9000/seed-forth/blob/bbcc1732152af2d884737272eed870d2410ffe8e/116-cc-prog.fth#L818-L818,818,Static builder literal for built-in type-name registration,Store 4 raw name bytes for FILE; the type-registration routine supplies that length.,Reference: runtime names have three completion policies,reference-runtime-names-have-three-completion-policies,literal-data,taught,
116-cc-prog.fth,bbcc1732152af2d884737272eed870d2410ffe8e,28ef4a5db2bf7fec9ea3e4f324b79e42b534866f,cc-name-int8_t,create,819,C19,chapters/19-translation-units-and-process-entry.md,The spelling alone does not imply its standard C width; this legacy registration maps every such name to int/depth zero.,https://github.com/delta9000/seed-forth/blob/bbcc1732152af2d884737272eed870d2410ffe8e/116-cc-prog.fth#L819-L819,819,Static builder literal for built-in type-name registration,Store 6 raw name bytes for int8_t; the type-registration routine supplies that length.,Reference: runtime names have three completion policies,reference-runtime-names-have-three-completion-policies,literal-data,taught,
116-cc-prog.fth,bbcc1732152af2d884737272eed870d2410ffe8e,28ef4a5db2bf7fec9ea3e4f324b79e42b534866f,cc-name-int16_t,create,820,C19,chapters/19-translation-units-and-process-entry.md,The spelling alone does not imply its standard C width; this legacy registration maps every such name to int/depth zero.,https://github.com/delta9000/seed-forth/blob/bbcc1732152af2d884737272eed870d2410ffe8e/116-cc-prog.fth#L820-L820,820,Static builder literal for built-in type-name registration,Store 7 raw name bytes for int16_t; the type-registration routine supplies that length.,Reference: runtime names have three completion policies,reference-runtime-names-have-three-completion-policies,literal-data,taught,
116-cc-prog.fth,bbcc1732152af2d884737272eed870d2410ffe8e,28ef4a5db2bf7fec9ea3e4f324b79e42b534866f,cc-name-int32_t,create,821,C19,chapters/19-translation-units-and-process-entry.md,The spelling alone does not imply its standard C width; this legacy registration maps every such name to int/depth zero.,https://github.com/delta9000/seed-forth/blob/bbcc1732152af2d884737272eed870d2410ffe8e/116-cc-prog.fth#L821-L821,821,Static builder literal for built-in type-name registration,Store 7 raw name bytes for int32_t; the type-registration routine supplies that length.,Reference: runtime names have three completion policies,reference-runtime-names-have-three-completion-policies,literal-data,taught,
116-cc-prog.fth,bbcc1732152af2d884737272eed870d2410ffe8e,28ef4a5db2bf7fec9ea3e4f324b79e42b534866f,cc-name-int64_t,create,822,C19,chapters/19-translation-units-and-process-entry.md,The spelling alone does not imply its standard C width; this legacy registration maps every such name to int/depth zero.,https://github.com/delta9000/seed-forth/blob/bbcc1732152af2d884737272eed870d2410ffe8e/116-cc-prog.fth#L822-L822,822,Static builder literal for built-in type-name registration,Store 7 raw name bytes for int64_t; the type-registration routine supplies that length.,Reference: runtime names have three completion policies,reference-runtime-names-have-three-completion-policies,literal-data,taught,
116-cc-prog.fth,bbcc1732152af2d884737272eed870d2410ffe8e,28ef4a5db2bf7fec9ea3e4f324b79e42b534866f,cc-name-uint8_t,create,823,C19,chapters/19-translation-units-and-process-entry.md,The spelling alone does not imply its standard C width; this legacy registration maps every such name to int/depth zero.,https://github.com/delta9000/seed-forth/blob/bbcc1732152af2d884737272eed870d2410ffe8e/116-cc-prog.fth#L823-L823,823,Static builder literal for built-in type-name registration,Store 7 raw name bytes for uint8_t; the type-registration routine supplies that length.,Reference: runtime names have three completion policies,reference-runtime-names-have-three-completion-policies,literal-data,taught,
116-cc-prog.fth,bbcc1732152af2d884737272eed870d2410ffe8e,28ef4a5db2bf7fec9ea3e4f324b79e42b534866f,cc-name-uint16_t,create,824,C19,chapters/19-translation-units-and-process-entry.md,The spelling alone does not imply its standard C width; this legacy registration maps every such name to int/depth zero.,https://github.com/delta9000/seed-forth/blob/bbcc1732152af2d884737272eed870d2410ffe8e/116-cc-prog.fth#L824-L824,824,Static builder literal for built-in type-name registration,Store 8 raw name bytes for uint16_t; the type-registration routine supplies that length.,Reference: runtime names have three completion policies,reference-runtime-names-have-three-completion-policies,literal-data,taught,
116-cc-prog.fth,bbcc1732152af2d884737272eed870d2410ffe8e,28ef4a5db2bf7fec9ea3e4f324b79e42b534866f,cc-name-uint32_t,create,825,C19,chapters/19-translation-units-and-process-entry.md,The spelling alone does not imply its standard C width; this legacy registration maps every such name to int/depth zero.,https://github.com/delta9000/seed-forth/blob/bbcc1732152af2d884737272eed870d2410ffe8e/116-cc-prog.fth#L825-L825,825,Static builder literal for built-in type-name registration,Store 8 raw name bytes for uint32_t; the type-registration routine supplies that length.,Reference: runtime names have three completion policies,reference-runtime-names-have-three-completion-policies,literal-data,taught,
116-cc-prog.fth,bbcc1732152af2d884737272eed870d2410ffe8e,28ef4a5db2bf7fec9ea3e4f324b79e42b534866f,cc-name-uint64_t,create,826,C19,chapters/19-translation-units-and-process-entry.md,The spelling alone does not imply its standard C width; this legacy registration maps every such name to int/depth zero.,https://github.com/delta9000/seed-forth/blob/bbcc1732152af2d884737272eed870d2410ffe8e/116-cc-prog.fth#L826-L826,826,Static builder literal for built-in type-name registration,Store 8 raw name bytes for uint64_t; the type-registration routine supplies that length.,Reference: runtime names have three completion policies,reference-runtime-names-have-three-completion-policies,literal-data,taught,
116-cc-prog.fth,bbcc1732152af2d884737272eed870d2410ffe8e,28ef4a5db2bf7fec9ea3e4f324b79e42b534866f,cc-name-size_t,create,827,C19,chapters/19-translation-units-and-process-entry.md,The spelling alone does not imply its standard C width; this legacy registration maps every such name to int/depth zero.,https://github.com/delta9000/seed-forth/blob/bbcc1732152af2d884737272eed870d2410ffe8e/116-cc-prog.fth#L827-L827,827,Static builder literal for built-in type-name registration,Store 6 raw name bytes for size_t; the type-registration routine supplies that length.,Reference: runtime names have three completion policies,reference-runtime-names-have-three-completion-policies,literal-data,taught,
116-cc-prog.fth,bbcc1732152af2d884737272eed870d2410ffe8e,28ef4a5db2bf7fec9ea3e4f324b79e42b534866f,cc-name-ssize_t,create,828,C19,chapters/19-translation-units-and-process-entry.md,The spelling alone does not imply its standard C width; this legacy registration maps every such name to int/depth zero.,https://github.com/delta9000/seed-forth/blob/bbcc1732152af2d884737272eed870d2410ffe8e/116-cc-prog.fth#L828-L828,828,Static builder literal for built-in type-name registration,Store 7 raw name bytes for ssize_t; the type-registration routine supplies that length.,Reference: runtime names have three completion policies,reference-runtime-names-have-three-completion-policies,literal-data,taught,
116-cc-prog.fth,bbcc1732152af2d884737272eed870d2410ffe8e,28ef4a5db2bf7fec9ea3e4f324b79e42b534866f,cc-name-intptr_t,create,829,C19,chapters/19-translation-units-and-process-entry.md,The spelling alone does not imply its standard C width; this legacy registration maps every such name to int/depth zero.,https://github.com/delta9000/seed-forth/blob/bbcc1732152af2d884737272eed870d2410ffe8e/116-cc-prog.fth#L829-L829,829,Static builder literal for built-in type-name registration,Store 8 raw name bytes for intptr_t; the type-registration routine supplies that length.,Reference: runtime names have three completion policies,reference-runtime-names-have-three-completion-policies,literal-data,taught,
116-cc-prog.fth,bbcc1732152af2d884737272eed870d2410ffe8e,28ef4a5db2bf7fec9ea3e4f324b79e42b534866f,cc-emit-libc-typedefs,colon,834,C19,chapters/19-translation-units-and-process-entry.md,"No target storage or instructions are created by these type-name records, and the names do not establish their standard widths.",https://github.com/delta9000/seed-forth/blob/bbcc1732152af2d884737272eed870d2410ffe8e/116-cc-prog.fth#L834-L846,846,Program startup owns 12 built-in sk-typedef rows,"Register FILE, the eight signed/unsigned integer-width names, size_t, ssize_t and intptr_t with int/depth-zero encoded payloads.",A recognized external name may still have no body,a-recognized-external-name-may-still-have-no-body,registration-and-order,taught,
116-cc-prog.fth,bbcc1732152af2d884737272eed870d2410ffe8e,28ef4a5db2bf7fec9ea3e4f324b79e42b534866f,cc-check-fns-defined,colon,855,C19,chapters/19-translation-units-and-process-entry.md,Unused unresolved prototypes are permitted. Under LP64 the unresolved name is written before 206; this check does not resolve or validate named goto labels.,https://github.com/delta9000/seed-forth/blob/bbcc1732152af2d884737272eed870d2410ffe8e/116-cc-prog.fth#L855-L869,869,Program completion owns unresolved-use and required-main checks,"Scan visible sk-func rows and fail 206 for nonempty call/address heads, then fail 207 when main address is zero.",Reference: unresolved use and missing main are different failures,reference-unresolved-use-and-missing-main-are-different-failures,complete-mechanism,taught,
116-cc-prog.fth,bbcc1732152af2d884737272eed870d2410ffe8e,28ef4a5db2bf7fec9ea3e4f324b79e42b534866f,cc-parse-program,colon,875,C19,chapters/19-translation-units-and-process-entry.md,Global append/patch and ELF-size completion belong to the outer driver afterward; this word does not select native program producers merely because their source was loaded.,https://github.com/delta9000/seed-forth/blob/bbcc1732152af2d884737272eed870d2410ffe8e/116-cc-prog.fth#L875-L884,884,One legacy translation-unit compilation owns emission and registration order,"Emit entry/eager bodies, register late/external/type names, parse user declarations, emit demanded late bodies, reject unresolved uses or missing main, then patch the entry call.",Reference: unresolved use and missing main are different failures,reference-unresolved-use-and-missing-main-are-different-failures,complete-mechanism,taught,
120-cc-main.fth,bbcc1732152af2d884737272eed870d2410ffe8e,3ce930098c5f6c97db0e6b6d358e8a862d2389e3,cc-out-path,create,23,C19,chapters/19-translation-units-and-process-entry.md,The source requests that path at driver completion; the literal is not evidence a file exists.,https://github.com/delta9000/seed-forth/blob/bbcc1732152af2d884737272eed870d2410ffe8e/120-cc-main.fth#L23-L23,23,Static builder output-path object,"Name the start of the 12 bytes /tmp/cc-out followed by NUL, initialized immediately after create.","Reference: the last file executes, not merely defines",reference-the-last-file-executes-not-merely-defines,literal-data,taught,
120-cc-main.fth,bbcc1732152af2d884737272eed870d2410ffe8e,3ce930098c5f6c97db0e6b6d358e8a862d2389e3,cc-out-path byte data,initialization,24,C19,chapters/19-translation-units-and-process-entry.md,"These c, operations initialize builder data; do not confuse them with cc-emit-byte writes into the generated ELF buffer.",https://github.com/delta9000/seed-forth/blob/bbcc1732152af2d884737272eed870d2410ffe8e/120-cc-main.fth#L24-L26,26,Static output-path initializer,Append the twelve bytes spelling /tmp/cc-out plus a zero terminator.,"Reference: the last file executes, not merely defines",reference-the-last-file-executes-not-merely-defines,literal-initialization,taught,
120-cc-main.fth,bbcc1732152af2d884737272eed870d2410ffe8e,3ce930098c5f6c97db0e6b6d358e8a862d2389e3,cc-main,colon,28,C19,chapters/19-translation-units-and-process-entry.md,The write result is discarded by cc-write-output; source inspection or a derived cursor does not establish successful file creation or a compiler/bootstrap run.,https://github.com/delta9000/seed-forth/blob/bbcc1732152af2d884737272eed870d2410ffe8e/120-cc-main.fth#L28-L38,38,"Executing legacy driver owns source ingestion, finalization order and one output attempt","Read stdin, preprocess, reset output/globals, emit ELF header/program, finalize globals then ELF sizes, request output at cc-out-path and exit the builder.",The builder begins before the target has an entry point,the-builder-begins-before-the-target-has-an-entry-point,complete-driver,taught,chapters/01-compiler-entry-and-profile.md; chapters/19-translation-units-and-process-entry.md#reference-the-last-file-executes-not-merely-defines
120-cc-main.fth,bbcc1732152af2d884737272eed870d2410ffe8e,3ce930098c5f6c97db0e6b6d358e8a862d2389e3,cc-main (top-level invocation),execution,40,C19,chapters/19-translation-units-and-process-entry.md,The actual loader recipe must put the executing file after all intended libraries. Reading this source as text is not running it; Stage-A execution/evidence remains C20.,https://github.com/delta9000/seed-forth/blob/bbcc1732152af2d884737272eed870d2410ffe8e/120-cc-main.fth#L40-L40,40,Final source-loading action transfers control to the driver,"Invoke cc-main unconditionally as this file is loaded; its body reads stdin, compiles, requests output and exits.","Reference: the last file executes, not merely defines",reference-the-last-file-executes-not-merely-defines,execution-boundary,taught,
