source_path,source_revision,source_blob_sha,name,declaration_kind,source_line,teaching_unit,manuscript_path,interface_notes,source_url
100-cc-expr.fth,7d7e1996d1753118181d43e1a413960d3a1ec24b,29ca0e38f19907fc4fd18286e22a0518072ad181,cc-parse-expr-fwd,defer,41,C14,chapters/14-expressions-and-constant-evaluation.md,"Deferred grammar entries and definition-order closure; C12 introduces their operand/grouping contracts, and C13 uses recursive precedence entries. The cast and sizeof type-query bindings arrive in 110.",https://github.com/delta9000/seed-forth/blob/7d7e1996d1753118181d43e1a413960d3a1ec24b/100-cc-expr.fth#L41
100-cc-expr.fth,7d7e1996d1753118181d43e1a413960d3a1ec24b,29ca0e38f19907fc4fd18286e22a0518072ad181,cc-parse-comma-fwd,defer,42,C14,chapters/14-expressions-and-constant-evaluation.md,"Deferred grammar entries and definition-order closure; C12 introduces their operand/grouping contracts, and C13 uses recursive precedence entries. The cast and sizeof type-query bindings arrive in 110.",https://github.com/delta9000/seed-forth/blob/7d7e1996d1753118181d43e1a413960d3a1ec24b/100-cc-expr.fth#L42
100-cc-expr.fth,7d7e1996d1753118181d43e1a413960d3a1ec24b,29ca0e38f19907fc4fd18286e22a0518072ad181,cc-parse-assign-fwd,defer,43,C14,chapters/14-expressions-and-constant-evaluation.md,"Deferred grammar entries and definition-order closure; C12 introduces their operand/grouping contracts, and C13 uses recursive precedence entries. The cast and sizeof type-query bindings arrive in 110.",https://github.com/delta9000/seed-forth/blob/7d7e1996d1753118181d43e1a413960d3a1ec24b/100-cc-expr.fth#L43
100-cc-expr.fth,7d7e1996d1753118181d43e1a413960d3a1ec24b,29ca0e38f19907fc4fd18286e22a0518072ad181,cc-try-cast-fwd,defer,44,C14,chapters/14-expressions-and-constant-evaluation.md,"Deferred grammar entries and definition-order closure; C12 introduces their operand/grouping contracts, and C13 uses recursive precedence entries. The cast and sizeof type-query bindings arrive in 110.",https://github.com/delta9000/seed-forth/blob/7d7e1996d1753118181d43e1a413960d3a1ec24b/100-cc-expr.fth#L44
100-cc-expr.fth,7d7e1996d1753118181d43e1a413960d3a1ec24b,29ca0e38f19907fc4fd18286e22a0518072ad181,cc-parse-unary-fwd,defer,45,C14,chapters/14-expressions-and-constant-evaluation.md,"Deferred grammar entries and definition-order closure; C12 introduces their operand/grouping contracts, and C13 uses recursive precedence entries. The cast and sizeof type-query bindings arrive in 110.",https://github.com/delta9000/seed-forth/blob/7d7e1996d1753118181d43e1a413960d3a1ec24b/100-cc-expr.fth#L45
100-cc-expr.fth,7d7e1996d1753118181d43e1a413960d3a1ec24b,29ca0e38f19907fc4fd18286e22a0518072ad181,cc-sizeof-type-start-fwd,defer,46,C14,chapters/14-expressions-and-constant-evaluation.md,"Deferred grammar entries and definition-order closure; C12 introduces their operand/grouping contracts, and C13 uses recursive precedence entries. The cast and sizeof type-query bindings arrive in 110.",https://github.com/delta9000/seed-forth/blob/7d7e1996d1753118181d43e1a413960d3a1ec24b/100-cc-expr.fth#L46
100-cc-expr.fth,7d7e1996d1753118181d43e1a413960d3a1ec24b,29ca0e38f19907fc4fd18286e22a0518072ad181,cc-sizeof-type-fwd,defer,47,C14,chapters/14-expressions-and-constant-evaluation.md,"Deferred grammar entries and definition-order closure; C12 introduces their operand/grouping contracts, and C13 uses recursive precedence entries. The cast and sizeof type-query bindings arrive in 110.",https://github.com/delta9000/seed-forth/blob/7d7e1996d1753118181d43e1a413960d3a1ec24b/100-cc-expr.fth#L47
100-cc-expr.fth,7d7e1996d1753118181d43e1a413960d3a1ec24b,29ca0e38f19907fc4fd18286e22a0518072ad181,cc-parse-const-fwd,defer,48,C14,chapters/14-expressions-and-constant-evaluation.md,"Deferred grammar entries and definition-order closure; C12 introduces their operand/grouping contracts, and C13 uses recursive precedence entries. The cast and sizeof type-query bindings arrive in 110.",https://github.com/delta9000/seed-forth/blob/7d7e1996d1753118181d43e1a413960d3a1ec24b/100-cc-expr.fth#L48
100-cc-expr.fth,7d7e1996d1753118181d43e1a413960d3a1ec24b,29ca0e38f19907fc4fd18286e22a0518072ad181,cc-expr-unevaluated,variable,49,C14,chapters/14-expressions-and-constant-evaluation.md,Unevaluated sizeof state and its exact successful rollback; C12 explains cooperating load/address producers. Later providers must preserve this contract.,https://github.com/delta9000/seed-forth/blob/7d7e1996d1753118181d43e1a413960d3a1ec24b/100-cc-expr.fth#L49
100-cc-expr.fth,7d7e1996d1753118181d43e1a413960d3a1ec24b,29ca0e38f19907fc4fd18286e22a0518072ad181,cc-native-static-init,variable,50,C12,chapters/12-places-values-and-delayed-loads.md,Static-init guard and its evaluated-versus-unevaluated condition; C14 opens its call/update/assignment/comma sites. Symbolic initializer production is a planned G09 continuation.,https://github.com/delta9000/seed-forth/blob/7d7e1996d1753118181d43e1a413960d3a1ec24b/100-cc-expr.fth#L50
100-cc-expr.fth,7d7e1996d1753118181d43e1a413960d3a1ec24b,29ca0e38f19907fc4fd18286e22a0518072ad181,cc-check-static-init,colon,52,C12,chapters/12-places-values-and-delayed-loads.md,Static-init guard and its evaluated-versus-unevaluated condition; C14 opens its call/update/assignment/comma sites. Symbolic initializer production is a planned G09 continuation.,https://github.com/delta9000/seed-forth/blob/7d7e1996d1753118181d43e1a413960d3a1ec24b/100-cc-expr.fth#L52
100-cc-expr.fth,7d7e1996d1753118181d43e1a413960d3a1ec24b,29ca0e38f19907fc4fd18286e22a0518072ad181,cc-tok-punct?,colon,63,C12,chapters/12-places-values-and-delayed-loads.md,"Current-token kind/payload tests without input advancement; C06 supplies token validity, and C13-C15 reuse the tests.",https://github.com/delta9000/seed-forth/blob/7d7e1996d1753118181d43e1a413960d3a1ec24b/100-cc-expr.fth#L63
100-cc-expr.fth,7d7e1996d1753118181d43e1a413960d3a1ec24b,29ca0e38f19907fc4fd18286e22a0518072ad181,cc-tok-kw?,colon,66,C12,chapters/12-places-values-and-delayed-loads.md,"Current-token kind/payload tests without input advancement; C06 supplies token validity, and C13-C15 reuse the tests.",https://github.com/delta9000/seed-forth/blob/7d7e1996d1753118181d43e1a413960d3a1ec24b/100-cc-expr.fth#L66
100-cc-expr.fth,7d7e1996d1753118181d43e1a413960d3a1ec24b,29ca0e38f19907fc4fd18286e22a0518072ad181,lv-value,constant,96,C12,chapters/12-places-values-and-delayed-loads.md,"Nine-cell expression record, five kinds, reset-before-publication, type/descriptor sizing and pending-address predicates; C13-C14 preserve and consume these facts.",https://github.com/delta9000/seed-forth/blob/7d7e1996d1753118181d43e1a413960d3a1ec24b/100-cc-expr.fth#L96
100-cc-expr.fth,7d7e1996d1753118181d43e1a413960d3a1ec24b,29ca0e38f19907fc4fd18286e22a0518072ad181,lv-local,constant,97,C12,chapters/12-places-values-and-delayed-loads.md,"Nine-cell expression record, five kinds, reset-before-publication, type/descriptor sizing and pending-address predicates; C13-C14 preserve and consume these facts.",https://github.com/delta9000/seed-forth/blob/7d7e1996d1753118181d43e1a413960d3a1ec24b/100-cc-expr.fth#L97
100-cc-expr.fth,7d7e1996d1753118181d43e1a413960d3a1ec24b,29ca0e38f19907fc4fd18286e22a0518072ad181,lv-deref,constant,98,C12,chapters/12-places-values-and-delayed-loads.md,"Nine-cell expression record, five kinds, reset-before-publication, type/descriptor sizing and pending-address predicates; C13-C14 preserve and consume these facts.",https://github.com/delta9000/seed-forth/blob/7d7e1996d1753118181d43e1a413960d3a1ec24b/100-cc-expr.fth#L98
100-cc-expr.fth,7d7e1996d1753118181d43e1a413960d3a1ec24b,29ca0e38f19907fc4fd18286e22a0518072ad181,lv-deref-byte,constant,99,C12,chapters/12-places-values-and-delayed-loads.md,"Nine-cell expression record, five kinds, reset-before-publication, type/descriptor sizing and pending-address predicates; C13-C14 preserve and consume these facts.",https://github.com/delta9000/seed-forth/blob/7d7e1996d1753118181d43e1a413960d3a1ec24b/100-cc-expr.fth#L99
100-cc-expr.fth,7d7e1996d1753118181d43e1a413960d3a1ec24b,29ca0e38f19907fc4fd18286e22a0518072ad181,lv-temporary,constant,100,C12,chapters/12-places-values-and-delayed-loads.md,"Nine-cell expression record, five kinds, reset-before-publication, type/descriptor sizing and pending-address predicates; C13-C14 preserve and consume these facts.",https://github.com/delta9000/seed-forth/blob/7d7e1996d1753118181d43e1a413960d3a1ec24b/100-cc-expr.fth#L100
100-cc-expr.fth,7d7e1996d1753118181d43e1a413960d3a1ec24b,29ca0e38f19907fc4fd18286e22a0518072ad181,cc-last-lvalue-kind,variable,102,C12,chapters/12-places-values-and-delayed-loads.md,"Nine-cell expression record, five kinds, reset-before-publication, type/descriptor sizing and pending-address predicates; C13-C14 preserve and consume these facts.",https://github.com/delta9000/seed-forth/blob/7d7e1996d1753118181d43e1a413960d3a1ec24b/100-cc-expr.fth#L102
100-cc-expr.fth,7d7e1996d1753118181d43e1a413960d3a1ec24b,29ca0e38f19907fc4fd18286e22a0518072ad181,cc-last-ident-slot,variable,103,C12,chapters/12-places-values-and-delayed-loads.md,"Nine-cell expression record, five kinds, reset-before-publication, type/descriptor sizing and pending-address predicates; C13-C14 preserve and consume these facts.",https://github.com/delta9000/seed-forth/blob/7d7e1996d1753118181d43e1a413960d3a1ec24b/100-cc-expr.fth#L103
100-cc-expr.fth,7d7e1996d1753118181d43e1a413960d3a1ec24b,29ca0e38f19907fc4fd18286e22a0518072ad181,cc-last-expr-qualified,variable,104,C12,chapters/12-places-values-and-delayed-loads.md,"Nine-cell expression record, five kinds, reset-before-publication, type/descriptor sizing and pending-address predicates; C13-C14 preserve and consume these facts.",https://github.com/delta9000/seed-forth/blob/7d7e1996d1753118181d43e1a413960d3a1ec24b/100-cc-expr.fth#L104
100-cc-expr.fth,7d7e1996d1753118181d43e1a413960d3a1ec24b,29ca0e38f19907fc4fd18286e22a0518072ad181,cc-last-field-rec,variable,105,C12,chapters/12-places-values-and-delayed-loads.md,"Nine-cell expression record, five kinds, reset-before-publication, type/descriptor sizing and pending-address predicates; C13-C14 preserve and consume these facts.",https://github.com/delta9000/seed-forth/blob/7d7e1996d1753118181d43e1a413960d3a1ec24b/100-cc-expr.fth#L105
100-cc-expr.fth,7d7e1996d1753118181d43e1a413960d3a1ec24b,29ca0e38f19907fc4fd18286e22a0518072ad181,cc-last-struct-desc,variable,106,C12,chapters/12-places-values-and-delayed-loads.md,"Nine-cell expression record, five kinds, reset-before-publication, type/descriptor sizing and pending-address predicates; C13-C14 preserve and consume these facts.",https://github.com/delta9000/seed-forth/blob/7d7e1996d1753118181d43e1a413960d3a1ec24b/100-cc-expr.fth#L106
100-cc-expr.fth,7d7e1996d1753118181d43e1a413960d3a1ec24b,29ca0e38f19907fc4fd18286e22a0518072ad181,cc-last-expr-type,variable,107,C12,chapters/12-places-values-and-delayed-loads.md,"Nine-cell expression record, five kinds, reset-before-publication, type/descriptor sizing and pending-address predicates; C13-C14 preserve and consume these facts.",https://github.com/delta9000/seed-forth/blob/7d7e1996d1753118181d43e1a413960d3a1ec24b/100-cc-expr.fth#L107
100-cc-expr.fth,7d7e1996d1753118181d43e1a413960d3a1ec24b,29ca0e38f19907fc4fd18286e22a0518072ad181,cc-last-expr-null,variable,108,C12,chapters/12-places-values-and-delayed-loads.md,"Nine-cell expression record, five kinds, reset-before-publication, type/descriptor sizing and pending-address predicates; C13-C14 preserve and consume these facts.",https://github.com/delta9000/seed-forth/blob/7d7e1996d1753118181d43e1a413960d3a1ec24b/100-cc-expr.fth#L108
100-cc-expr.fth,7d7e1996d1753118181d43e1a413960d3a1ec24b,29ca0e38f19907fc4fd18286e22a0518072ad181,cc-last-expr-array-len,variable,109,C12,chapters/12-places-values-and-delayed-loads.md,"Nine-cell expression record, five kinds, reset-before-publication, type/descriptor sizing and pending-address predicates; C13-C14 preserve and consume these facts.",https://github.com/delta9000/seed-forth/blob/7d7e1996d1753118181d43e1a413960d3a1ec24b/100-cc-expr.fth#L109
100-cc-expr.fth,7d7e1996d1753118181d43e1a413960d3a1ec24b,29ca0e38f19907fc4fd18286e22a0518072ad181,cc-last-expr-array-inner,variable,110,C12,chapters/12-places-values-and-delayed-loads.md,"Nine-cell expression record, five kinds, reset-before-publication, type/descriptor sizing and pending-address predicates; C13-C14 preserve and consume these facts.",https://github.com/delta9000/seed-forth/blob/7d7e1996d1753118181d43e1a413960d3a1ec24b/100-cc-expr.fth#L110
100-cc-expr.fth,7d7e1996d1753118181d43e1a413960d3a1ec24b,29ca0e38f19907fc4fd18286e22a0518072ad181,cc-mark,colon,113,C12,chapters/12-places-values-and-delayed-loads.md,"Nine-cell expression record, five kinds, reset-before-publication, type/descriptor sizing and pending-address predicates; C13-C14 preserve and consume these facts.",https://github.com/delta9000/seed-forth/blob/7d7e1996d1753118181d43e1a413960d3a1ec24b/100-cc-expr.fth#L113
100-cc-expr.fth,7d7e1996d1753118181d43e1a413960d3a1ec24b,29ca0e38f19907fc4fd18286e22a0518072ad181,cc-mark-not-lvalue,colon,125,C12,chapters/12-places-values-and-delayed-loads.md,"Nine-cell expression record, five kinds, reset-before-publication, type/descriptor sizing and pending-address predicates; C13-C14 preserve and consume these facts.",https://github.com/delta9000/seed-forth/blob/7d7e1996d1753118181d43e1a413960d3a1ec24b/100-cc-expr.fth#L125
100-cc-expr.fth,7d7e1996d1753118181d43e1a413960d3a1ec24b,29ca0e38f19907fc4fd18286e22a0518072ad181,cc-mark-local-lvalue,colon,128,C12,chapters/12-places-values-and-delayed-loads.md,"Nine-cell expression record, five kinds, reset-before-publication, type/descriptor sizing and pending-address predicates; C13-C14 preserve and consume these facts.",https://github.com/delta9000/seed-forth/blob/7d7e1996d1753118181d43e1a413960d3a1ec24b/100-cc-expr.fth#L128
100-cc-expr.fth,7d7e1996d1753118181d43e1a413960d3a1ec24b,29ca0e38f19907fc4fd18286e22a0518072ad181,cc-mark-deref,colon,132,C12,chapters/12-places-values-and-delayed-loads.md,"Nine-cell expression record, five kinds, reset-before-publication, type/descriptor sizing and pending-address predicates; C13-C14 preserve and consume these facts.",https://github.com/delta9000/seed-forth/blob/7d7e1996d1753118181d43e1a413960d3a1ec24b/100-cc-expr.fth#L132
100-cc-expr.fth,7d7e1996d1753118181d43e1a413960d3a1ec24b,29ca0e38f19907fc4fd18286e22a0518072ad181,cc-deref-pending?,colon,137,C12,chapters/12-places-values-and-delayed-loads.md,"Nine-cell expression record, five kinds, reset-before-publication, type/descriptor sizing and pending-address predicates; C13-C14 preserve and consume these facts.",https://github.com/delta9000/seed-forth/blob/7d7e1996d1753118181d43e1a413960d3a1ec24b/100-cc-expr.fth#L137
100-cc-expr.fth,7d7e1996d1753118181d43e1a413960d3a1ec24b,29ca0e38f19907fc4fd18286e22a0518072ad181,cc-char-ptr?,colon,143,C12,chapters/12-places-values-and-delayed-loads.md,"Nine-cell expression record, five kinds, reset-before-publication, type/descriptor sizing and pending-address predicates; C13-C14 preserve and consume these facts.",https://github.com/delta9000/seed-forth/blob/7d7e1996d1753118181d43e1a413960d3a1ec24b/100-cc-expr.fth#L143
100-cc-expr.fth,7d7e1996d1753118181d43e1a413960d3a1ec24b,29ca0e38f19907fc4fd18286e22a0518072ad181,cc-expr-symbol-desc,colon,148,C12,chapters/12-places-values-and-delayed-loads.md,"Nine-cell expression record, five kinds, reset-before-publication, type/descriptor sizing and pending-address predicates; C13-C14 preserve and consume these facts.",https://github.com/delta9000/seed-forth/blob/7d7e1996d1753118181d43e1a413960d3a1ec24b/100-cc-expr.fth#L148
100-cc-expr.fth,7d7e1996d1753118181d43e1a413960d3a1ec24b,29ca0e38f19907fc4fd18286e22a0518072ad181,cc-expr-type-size,colon,153,C12,chapters/12-places-values-and-delayed-loads.md,"Nine-cell expression record, five kinds, reset-before-publication, type/descriptor sizing and pending-address predicates; C13-C14 preserve and consume these facts.",https://github.com/delta9000/seed-forth/blob/7d7e1996d1753118181d43e1a413960d3a1ec24b/100-cc-expr.fth#L153
100-cc-expr.fth,7d7e1996d1753118181d43e1a413960d3a1ec24b,29ca0e38f19907fc4fd18286e22a0518072ad181,cc-expr-pointee-type,colon,161,C12,chapters/12-places-values-and-delayed-loads.md,"Nine-cell expression record, five kinds, reset-before-publication, type/descriptor sizing and pending-address predicates; C13-C14 preserve and consume these facts.",https://github.com/delta9000/seed-forth/blob/7d7e1996d1753118181d43e1a413960d3a1ec24b/100-cc-expr.fth#L161
100-cc-expr.fth,7d7e1996d1753118181d43e1a413960d3a1ec24b,29ca0e38f19907fc4fd18286e22a0518072ad181,cc-expr-pointee-size,colon,164,C12,chapters/12-places-values-and-delayed-loads.md,"Nine-cell expression record, five kinds, reset-before-publication, type/descriptor sizing and pending-address predicates; C13-C14 preserve and consume these facts.",https://github.com/delta9000/seed-forth/blob/7d7e1996d1753118181d43e1a413960d3a1ec24b/100-cc-expr.fth#L164
100-cc-expr.fth,7d7e1996d1753118181d43e1a413960d3a1ec24b,29ca0e38f19907fc4fd18286e22a0518072ad181,cc-mark-int-value,colon,174,C12,chapters/12-places-values-and-delayed-loads.md,"Nine-cell expression record, five kinds, reset-before-publication, type/descriptor sizing and pending-address predicates; C13-C14 preserve and consume these facts.",https://github.com/delta9000/seed-forth/blob/7d7e1996d1753118181d43e1a413960d3a1ec24b/100-cc-expr.fth#L174
100-cc-expr.fth,7d7e1996d1753118181d43e1a413960d3a1ec24b,29ca0e38f19907fc4fd18286e22a0518072ad181,cc-unary-type,colon,178,C12,chapters/12-places-values-and-delayed-loads.md,"Nine-cell expression record, five kinds, reset-before-publication, type/descriptor sizing and pending-address predicates; C13-C14 preserve and consume these facts.",https://github.com/delta9000/seed-forth/blob/7d7e1996d1753118181d43e1a413960d3a1ec24b/100-cc-expr.fth#L178
100-cc-expr.fth,7d7e1996d1753118181d43e1a413960d3a1ec24b,29ca0e38f19907fc4fd18286e22a0518072ad181,cc-mark-typed-value,colon,182,C12,chapters/12-places-values-and-delayed-loads.md,"Nine-cell expression record, five kinds, reset-before-publication, type/descriptor sizing and pending-address predicates; C13-C14 preserve and consume these facts.",https://github.com/delta9000/seed-forth/blob/7d7e1996d1753118181d43e1a413960d3a1ec24b/100-cc-expr.fth#L182
100-cc-expr.fth,7d7e1996d1753118181d43e1a413960d3a1ec24b,29ca0e38f19907fc4fd18286e22a0518072ad181,cc-value-literal-default,colon,187,C12,chapters/12-places-values-and-delayed-loads.md,Typed-value callback defaults and result protocols; C13-C14 open the current callers. Floating and aggregate provider algorithms are planned G10/G15 continuations.,https://github.com/delta9000/seed-forth/blob/7d7e1996d1753118181d43e1a413960d3a1ec24b/100-cc-expr.fth#L187
100-cc-expr.fth,7d7e1996d1753118181d43e1a413960d3a1ec24b,29ca0e38f19907fc4fd18286e22a0518072ad181,cc-value-literal-fwd,defer,188,C12,chapters/12-places-values-and-delayed-loads.md,Typed-value callback defaults and result protocols; C13-C14 open the current callers. Floating and aggregate provider algorithms are planned G10/G15 continuations.,https://github.com/delta9000/seed-forth/blob/7d7e1996d1753118181d43e1a413960d3a1ec24b/100-cc-expr.fth#L188
100-cc-expr.fth,7d7e1996d1753118181d43e1a413960d3a1ec24b,29ca0e38f19907fc4fd18286e22a0518072ad181,cc-value-test-fwd,defer,190,C13,chapters/13-precedence-and-short-circuit.md,Condition truth-test contract used by logical/conditional generation; C12 catalogs the scalar default. Floating/aggregate providers are planned for G10/G15.,https://github.com/delta9000/seed-forth/blob/7d7e1996d1753118181d43e1a413960d3a1ec24b/100-cc-expr.fth#L190
100-cc-expr.fth,7d7e1996d1753118181d43e1a413960d3a1ec24b,29ca0e38f19907fc4fd18286e22a0518072ad181,cc-value-not-fwd,defer,192,C14,chapters/14-expressions-and-constant-evaluation.md,"Unary value-operation default or deferred contract, with materialization/promotion/publication owned by the unary caller; C12 catalogs the initial binding. Floating/aggregate policies are planned for G10/G15.",https://github.com/delta9000/seed-forth/blob/7d7e1996d1753118181d43e1a413960d3a1ec24b/100-cc-expr.fth#L192
100-cc-expr.fth,7d7e1996d1753118181d43e1a413960d3a1ec24b,29ca0e38f19907fc4fd18286e22a0518072ad181,cc-value-negate-fwd,defer,194,C14,chapters/14-expressions-and-constant-evaluation.md,"Unary value-operation default or deferred contract, with materialization/promotion/publication owned by the unary caller; C12 catalogs the initial binding. Floating/aggregate policies are planned for G10/G15.",https://github.com/delta9000/seed-forth/blob/7d7e1996d1753118181d43e1a413960d3a1ec24b/100-cc-expr.fth#L194
100-cc-expr.fth,7d7e1996d1753118181d43e1a413960d3a1ec24b,29ca0e38f19907fc4fd18286e22a0518072ad181,cc-value-complement-fwd,defer,196,C14,chapters/14-expressions-and-constant-evaluation.md,"Unary value-operation default or deferred contract, with materialization/promotion/publication owned by the unary caller; C12 catalogs the initial binding. Floating/aggregate policies are planned for G10/G15.",https://github.com/delta9000/seed-forth/blob/7d7e1996d1753118181d43e1a413960d3a1ec24b/100-cc-expr.fth#L196
100-cc-expr.fth,7d7e1996d1753118181d43e1a413960d3a1ec24b,29ca0e38f19907fc4fd18286e22a0518072ad181,cc-value-plus-default,colon,199,C14,chapters/14-expressions-and-constant-evaluation.md,"Unary value-operation default or deferred contract, with materialization/promotion/publication owned by the unary caller; C12 catalogs the initial binding. Floating/aggregate policies are planned for G10/G15.",https://github.com/delta9000/seed-forth/blob/7d7e1996d1753118181d43e1a413960d3a1ec24b/100-cc-expr.fth#L199
100-cc-expr.fth,7d7e1996d1753118181d43e1a413960d3a1ec24b,29ca0e38f19907fc4fd18286e22a0518072ad181,cc-value-plus-fwd,defer,200,C14,chapters/14-expressions-and-constant-evaluation.md,"Unary value-operation default or deferred contract, with materialization/promotion/publication owned by the unary caller; C12 catalogs the initial binding. Floating/aggregate policies are planned for G10/G15.",https://github.com/delta9000/seed-forth/blob/7d7e1996d1753118181d43e1a413960d3a1ec24b/100-cc-expr.fth#L200
100-cc-expr.fth,7d7e1996d1753118181d43e1a413960d3a1ec24b,29ca0e38f19907fc4fd18286e22a0518072ad181,cc-value-ternary-noop,colon,202,C14,chapters/14-expressions-and-constant-evaluation.md,Conditional join callback/default and saved-arm protocol; C13 supplies the branch skeleton and C12 catalogs initial bindings. System V scalar splitting and aggregate transport are planned G03/G15 provider continuations.,https://github.com/delta9000/seed-forth/blob/7d7e1996d1753118181d43e1a413960d3a1ec24b/100-cc-expr.fth#L202
100-cc-expr.fth,7d7e1996d1753118181d43e1a413960d3a1ec24b,29ca0e38f19907fc4fd18286e22a0518072ad181,cc-value-ternary-fwd,defer,203,C14,chapters/14-expressions-and-constant-evaluation.md,Conditional join callback/default and saved-arm protocol; C13 supplies the branch skeleton and C12 catalogs initial bindings. System V scalar splitting and aggregate transport are planned G03/G15 provider continuations.,https://github.com/delta9000/seed-forth/blob/7d7e1996d1753118181d43e1a413960d3a1ec24b/100-cc-expr.fth#L203
100-cc-expr.fth,7d7e1996d1753118181d43e1a413960d3a1ec24b,29ca0e38f19907fc4fd18286e22a0518072ad181,cc-value-ternary-split-default,colon,205,C14,chapters/14-expressions-and-constant-evaluation.md,Conditional join callback/default and saved-arm protocol; C13 supplies the branch skeleton and C12 catalogs initial bindings. System V scalar splitting and aggregate transport are planned G03/G15 provider continuations.,https://github.com/delta9000/seed-forth/blob/7d7e1996d1753118181d43e1a413960d3a1ec24b/100-cc-expr.fth#L205
100-cc-expr.fth,7d7e1996d1753118181d43e1a413960d3a1ec24b,29ca0e38f19907fc4fd18286e22a0518072ad181,cc-value-ternary-split-fwd,defer,206,C14,chapters/14-expressions-and-constant-evaluation.md,Conditional join callback/default and saved-arm protocol; C13 supplies the branch skeleton and C12 catalogs initial bindings. System V scalar splitting and aggregate transport are planned G03/G15 provider continuations.,https://github.com/delta9000/seed-forth/blob/7d7e1996d1753118181d43e1a413960d3a1ec24b/100-cc-expr.fth#L206
100-cc-expr.fth,7d7e1996d1753118181d43e1a413960d3a1ec24b,29ca0e38f19907fc4fd18286e22a0518072ad181,cc-aggregate-ternary-default,colon,210,C14,chapters/14-expressions-and-constant-evaluation.md,Conditional join callback/default and saved-arm protocol; C13 supplies the branch skeleton and C12 catalogs initial bindings. System V scalar splitting and aggregate transport are planned G03/G15 provider continuations.,https://github.com/delta9000/seed-forth/blob/7d7e1996d1753118181d43e1a413960d3a1ec24b/100-cc-expr.fth#L210
100-cc-expr.fth,7d7e1996d1753118181d43e1a413960d3a1ec24b,29ca0e38f19907fc4fd18286e22a0518072ad181,cc-aggregate-ternary-fwd,defer,211,C14,chapters/14-expressions-and-constant-evaluation.md,Conditional join callback/default and saved-arm protocol; C13 supplies the branch skeleton and C12 catalogs initial bindings. System V scalar splitting and aggregate transport are planned G03/G15 provider continuations.,https://github.com/delta9000/seed-forth/blob/7d7e1996d1753118181d43e1a413960d3a1ec24b/100-cc-expr.fth#L211
100-cc-expr.fth,7d7e1996d1753118181d43e1a413960d3a1ec24b,29ca0e38f19907fc4fd18286e22a0518072ad181,cc-value-integer-use-default,colon,214,C12,chapters/12-places-values-and-delayed-loads.md,Typed-value callback defaults and result protocols; C13-C14 open the current callers. Floating and aggregate provider algorithms are planned G10/G15 continuations.,https://github.com/delta9000/seed-forth/blob/7d7e1996d1753118181d43e1a413960d3a1ec24b/100-cc-expr.fth#L214
100-cc-expr.fth,7d7e1996d1753118181d43e1a413960d3a1ec24b,29ca0e38f19907fc4fd18286e22a0518072ad181,cc-value-integer-use-fwd,defer,215,C12,chapters/12-places-values-and-delayed-loads.md,Typed-value callback defaults and result protocols; C13-C14 open the current callers. Floating and aggregate provider algorithms are planned G10/G15 continuations.,https://github.com/delta9000/seed-forth/blob/7d7e1996d1753118181d43e1a413960d3a1ec24b/100-cc-expr.fth#L215
100-cc-expr.fth,7d7e1996d1753118181d43e1a413960d3a1ec24b,29ca0e38f19907fc4fd18286e22a0518072ad181,cc-value-shape-default,colon,217,C14,chapters/14-expressions-and-constant-evaluation.md,Four-input shape-policy default and native assignment consumer boundary; C12 catalogs the initial binding. Full pointer/signature/aggregate policies are planned for G03/G15.,https://github.com/delta9000/seed-forth/blob/7d7e1996d1753118181d43e1a413960d3a1ec24b/100-cc-expr.fth#L217
100-cc-expr.fth,7d7e1996d1753118181d43e1a413960d3a1ec24b,29ca0e38f19907fc4fd18286e22a0518072ad181,cc-value-shape-fwd,defer,218,C14,chapters/14-expressions-and-constant-evaluation.md,Four-input shape-policy default and native assignment consumer boundary; C12 catalogs the initial binding. Full pointer/signature/aggregate policies are planned for G03/G15.,https://github.com/delta9000/seed-forth/blob/7d7e1996d1753118181d43e1a413960d3a1ec24b/100-cc-expr.fth#L218
100-cc-expr.fth,7d7e1996d1753118181d43e1a413960d3a1ec24b,29ca0e38f19907fc4fd18286e22a0518072ad181,cc-value-init-default,colon,220,C12,chapters/12-places-values-and-delayed-loads.md,Typed-value callback defaults and result protocols; C13-C14 open the current callers. Floating and aggregate provider algorithms are planned G10/G15 continuations.,https://github.com/delta9000/seed-forth/blob/7d7e1996d1753118181d43e1a413960d3a1ec24b/100-cc-expr.fth#L220
100-cc-expr.fth,7d7e1996d1753118181d43e1a413960d3a1ec24b,29ca0e38f19907fc4fd18286e22a0518072ad181,cc-value-init-fwd,defer,221,C12,chapters/12-places-values-and-delayed-loads.md,Typed-value callback defaults and result protocols; C13-C14 open the current callers. Floating and aggregate provider algorithms are planned G10/G15 continuations.,https://github.com/delta9000/seed-forth/blob/7d7e1996d1753118181d43e1a413960d3a1ec24b/100-cc-expr.fth#L221
100-cc-expr.fth,7d7e1996d1753118181d43e1a413960d3a1ec24b,29ca0e38f19907fc4fd18286e22a0518072ad181,cc-mark-typed-deref,colon,224,C12,chapters/12-places-values-and-delayed-loads.md,Typed dereference publication: array/function/aggregate address cases and the scalar pending-load case; C14 reuses this producer.,https://github.com/delta9000/seed-forth/blob/7d7e1996d1753118181d43e1a413960d3a1ec24b/100-cc-expr.fth#L224
100-cc-expr.fth,7d7e1996d1753118181d43e1a413960d3a1ec24b,29ca0e38f19907fc4fd18286e22a0518072ad181,cc-emit-scale-rdi,colon,242,C12,chapters/12-places-values-and-delayed-loads.md,"Typed subscript stride emitters, including the no-op stride and specialized RDI shift; C09 supplies the instruction encoders and C13 reuses scaling for pointer arithmetic.",https://github.com/delta9000/seed-forth/blob/7d7e1996d1753118181d43e1a413960d3a1ec24b/100-cc-expr.fth#L242
100-cc-expr.fth,7d7e1996d1753118181d43e1a413960d3a1ec24b,29ca0e38f19907fc4fd18286e22a0518072ad181,cc-emit-scale-rcx,colon,248,C12,chapters/12-places-values-and-delayed-loads.md,"Typed subscript stride emitters, including the no-op stride and specialized RDI shift; C09 supplies the instruction encoders and C13 reuses scaling for pointer arithmetic.",https://github.com/delta9000/seed-forth/blob/7d7e1996d1753118181d43e1a413960d3a1ec24b/100-cc-expr.fth#L248
100-cc-expr.fth,7d7e1996d1753118181d43e1a413960d3a1ec24b,29ca0e38f19907fc4fd18286e22a0518072ad181,cc-field-load-default,colon,258,C12,chapters/12-places-values-and-delayed-loads.md,"Field load/store/value-type/use defaults and array-decay seam; C14 supplies store/update/address callers. Ranked-array, bitfield and aggregate providers are planned G03/G14/G15 continuations.",https://github.com/delta9000/seed-forth/blob/7d7e1996d1753118181d43e1a413960d3a1ec24b/100-cc-expr.fth#L258
100-cc-expr.fth,7d7e1996d1753118181d43e1a413960d3a1ec24b,29ca0e38f19907fc4fd18286e22a0518072ad181,cc-field-store-default,colon,259,C12,chapters/12-places-values-and-delayed-loads.md,"Field load/store/value-type/use defaults and array-decay seam; C14 supplies store/update/address callers. Ranked-array, bitfield and aggregate providers are planned G03/G14/G15 continuations.",https://github.com/delta9000/seed-forth/blob/7d7e1996d1753118181d43e1a413960d3a1ec24b/100-cc-expr.fth#L259
100-cc-expr.fth,7d7e1996d1753118181d43e1a413960d3a1ec24b,29ca0e38f19907fc4fd18286e22a0518072ad181,cc-field-value-type-default,colon,260,C12,chapters/12-places-values-and-delayed-loads.md,"Field load/store/value-type/use defaults and array-decay seam; C14 supplies store/update/address callers. Ranked-array, bitfield and aggregate providers are planned G03/G14/G15 continuations.",https://github.com/delta9000/seed-forth/blob/7d7e1996d1753118181d43e1a413960d3a1ec24b/100-cc-expr.fth#L260
100-cc-expr.fth,7d7e1996d1753118181d43e1a413960d3a1ec24b,29ca0e38f19907fc4fd18286e22a0518072ad181,cc-field-use-default,colon,261,C12,chapters/12-places-values-and-delayed-loads.md,"Field load/store/value-type/use defaults and array-decay seam; C14 supplies store/update/address callers. Ranked-array, bitfield and aggregate providers are planned G03/G14/G15 continuations.",https://github.com/delta9000/seed-forth/blob/7d7e1996d1753118181d43e1a413960d3a1ec24b/100-cc-expr.fth#L261
100-cc-expr.fth,7d7e1996d1753118181d43e1a413960d3a1ec24b,29ca0e38f19907fc4fd18286e22a0518072ad181,cc-field-load-fwd,defer,262,C12,chapters/12-places-values-and-delayed-loads.md,"Field load/store/value-type/use defaults and array-decay seam; C14 supplies store/update/address callers. Ranked-array, bitfield and aggregate providers are planned G03/G14/G15 continuations.",https://github.com/delta9000/seed-forth/blob/7d7e1996d1753118181d43e1a413960d3a1ec24b/100-cc-expr.fth#L262
100-cc-expr.fth,7d7e1996d1753118181d43e1a413960d3a1ec24b,29ca0e38f19907fc4fd18286e22a0518072ad181,cc-field-store-fwd,defer,263,C12,chapters/12-places-values-and-delayed-loads.md,"Field load/store/value-type/use defaults and array-decay seam; C14 supplies store/update/address callers. Ranked-array, bitfield and aggregate providers are planned G03/G14/G15 continuations.",https://github.com/delta9000/seed-forth/blob/7d7e1996d1753118181d43e1a413960d3a1ec24b/100-cc-expr.fth#L263
100-cc-expr.fth,7d7e1996d1753118181d43e1a413960d3a1ec24b,29ca0e38f19907fc4fd18286e22a0518072ad181,cc-field-value-type-fwd,defer,264,C12,chapters/12-places-values-and-delayed-loads.md,"Field load/store/value-type/use defaults and array-decay seam; C14 supplies store/update/address callers. Ranked-array, bitfield and aggregate providers are planned G03/G14/G15 continuations.",https://github.com/delta9000/seed-forth/blob/7d7e1996d1753118181d43e1a413960d3a1ec24b/100-cc-expr.fth#L264
100-cc-expr.fth,7d7e1996d1753118181d43e1a413960d3a1ec24b,29ca0e38f19907fc4fd18286e22a0518072ad181,cc-field-use-fwd,defer,265,C12,chapters/12-places-values-and-delayed-loads.md,"Field load/store/value-type/use defaults and array-decay seam; C14 supplies store/update/address callers. Ranked-array, bitfield and aggregate providers are planned G03/G14/G15 continuations.",https://github.com/delta9000/seed-forth/blob/7d7e1996d1753118181d43e1a413960d3a1ec24b/100-cc-expr.fth#L265
100-cc-expr.fth,7d7e1996d1753118181d43e1a413960d3a1ec24b,29ca0e38f19907fc4fd18286e22a0518072ad181,cc-array-decay-default,colon,271,C12,chapters/12-places-values-and-delayed-loads.md,"Field load/store/value-type/use defaults and array-decay seam; C14 supplies store/update/address callers. Ranked-array, bitfield and aggregate providers are planned G03/G14/G15 continuations.",https://github.com/delta9000/seed-forth/blob/7d7e1996d1753118181d43e1a413960d3a1ec24b/100-cc-expr.fth#L271
100-cc-expr.fth,7d7e1996d1753118181d43e1a413960d3a1ec24b,29ca0e38f19907fc4fd18286e22a0518072ad181,cc-array-decay-fwd,defer,272,C12,chapters/12-places-values-and-delayed-loads.md,"Field load/store/value-type/use defaults and array-decay seam; C14 supplies store/update/address callers. Ranked-array, bitfield and aggregate providers are planned G03/G14/G15 continuations.",https://github.com/delta9000/seed-forth/blob/7d7e1996d1753118181d43e1a413960d3a1ec24b/100-cc-expr.fth#L272
100-cc-expr.fth,7d7e1996d1753118181d43e1a413960d3a1ec24b,29ca0e38f19907fc4fd18286e22a0518072ad181,cc-emit-materialize,colon,274,C12,chapters/12-places-values-and-delayed-loads.md,Decay followed by a load only for a pending dereference; retain needed type/descriptor facts. C13-C14 choose the consuming boundary.,https://github.com/delta9000/seed-forth/blob/7d7e1996d1753118181d43e1a413960d3a1ec24b/100-cc-expr.fth#L274
100-cc-expr.fth,7d7e1996d1753118181d43e1a413960d3a1ec24b,29ca0e38f19907fc4fd18286e22a0518072ad181,cc-ff-needle-addr,variable,301,C12,chapters/12-places-values-and-delayed-loads.md,"Field lookup scratch, length/byte matching and side-result lifetime; C14 composes member chains and C15 constructs the descriptors.",https://github.com/delta9000/seed-forth/blob/7d7e1996d1753118181d43e1a413960d3a1ec24b/100-cc-expr.fth#L301
100-cc-expr.fth,7d7e1996d1753118181d43e1a413960d3a1ec24b,29ca0e38f19907fc4fd18286e22a0518072ad181,cc-ff-needle-len,variable,302,C12,chapters/12-places-values-and-delayed-loads.md,"Field lookup scratch, length/byte matching and side-result lifetime; C14 composes member chains and C15 constructs the descriptors.",https://github.com/delta9000/seed-forth/blob/7d7e1996d1753118181d43e1a413960d3a1ec24b/100-cc-expr.fth#L302
100-cc-expr.fth,7d7e1996d1753118181d43e1a413960d3a1ec24b,29ca0e38f19907fc4fd18286e22a0518072ad181,cc-ff-desc,variable,303,C12,chapters/12-places-values-and-delayed-loads.md,"Field lookup scratch, length/byte matching and side-result lifetime; C14 composes member chains and C15 constructs the descriptors.",https://github.com/delta9000/seed-forth/blob/7d7e1996d1753118181d43e1a413960d3a1ec24b/100-cc-expr.fth#L303
100-cc-expr.fth,7d7e1996d1753118181d43e1a413960d3a1ec24b,29ca0e38f19907fc4fd18286e22a0518072ad181,cc-ff-result-desc,variable,304,C12,chapters/12-places-values-and-delayed-loads.md,"Field lookup scratch, length/byte matching and side-result lifetime; C14 composes member chains and C15 constructs the descriptors.",https://github.com/delta9000/seed-forth/blob/7d7e1996d1753118181d43e1a413960d3a1ec24b/100-cc-expr.fth#L304
100-cc-expr.fth,7d7e1996d1753118181d43e1a413960d3a1ec24b,29ca0e38f19907fc4fd18286e22a0518072ad181,cc-ff-result-type,variable,305,C12,chapters/12-places-values-and-delayed-loads.md,"Field lookup scratch, length/byte matching and side-result lifetime; C14 composes member chains and C15 constructs the descriptors.",https://github.com/delta9000/seed-forth/blob/7d7e1996d1753118181d43e1a413960d3a1ec24b/100-cc-expr.fth#L305
100-cc-expr.fth,7d7e1996d1753118181d43e1a413960d3a1ec24b,29ca0e38f19907fc4fd18286e22a0518072ad181,cc-ff-result-array,variable,306,C12,chapters/12-places-values-and-delayed-loads.md,"Field lookup scratch, length/byte matching and side-result lifetime; C14 composes member chains and C15 constructs the descriptors.",https://github.com/delta9000/seed-forth/blob/7d7e1996d1753118181d43e1a413960d3a1ec24b/100-cc-expr.fth#L306
100-cc-expr.fth,7d7e1996d1753118181d43e1a413960d3a1ec24b,29ca0e38f19907fc4fd18286e22a0518072ad181,cc-ff-result-record,variable,307,C12,chapters/12-places-values-and-delayed-loads.md,"Field lookup scratch, length/byte matching and side-result lifetime; C14 composes member chains and C15 constructs the descriptors.",https://github.com/delta9000/seed-forth/blob/7d7e1996d1753118181d43e1a413960d3a1ec24b/100-cc-expr.fth#L307
100-cc-expr.fth,7d7e1996d1753118181d43e1a413960d3a1ec24b,29ca0e38f19907fc4fd18286e22a0518072ad181,cc-find-field,colon,310,C12,chapters/12-places-values-and-delayed-loads.md,"Field lookup scratch, length/byte matching and side-result lifetime; C14 composes member chains and C15 constructs the descriptors.",https://github.com/delta9000/seed-forth/blob/7d7e1996d1753118181d43e1a413960d3a1ec24b/100-cc-expr.fth#L310
100-cc-expr.fth,7d7e1996d1753118181d43e1a413960d3a1ec24b,29ca0e38f19907fc4fd18286e22a0518072ad181,cc-parse-array-index,colon,373,C12,chapters/12-places-values-and-delayed-loads.md,"Legacy identifier-index bases, stride selection and preservation across index recursion; C14 supplies the full nested expression and store grammar.",https://github.com/delta9000/seed-forth/blob/7d7e1996d1753118181d43e1a413960d3a1ec24b/100-cc-expr.fth#L373
100-cc-expr.fth,7d7e1996d1753118181d43e1a413960d3a1ec24b,29ca0e38f19907fc4fd18286e22a0518072ad181,cc-emit-call-vaddr,colon,447,C10,chapters/10-calls-literals-and-deferred-addresses.md,Relative call displacement and reverse argument-register pops; the caller bounds register indexes to 0-5. C14 integrates argument parsing; complete frame accounting is a planned C18 continuation.,https://github.com/delta9000/seed-forth/blob/7d7e1996d1753118181d43e1a413960d3a1ec24b/100-cc-expr.fth#L447
100-cc-expr.fth,7d7e1996d1753118181d43e1a413960d3a1ec24b,29ca0e38f19907fc4fd18286e22a0518072ad181,cc-emit-pop-by-arg-index,colon,457,C10,chapters/10-calls-literals-and-deferred-addresses.md,Relative call displacement and reverse argument-register pops; the caller bounds register indexes to 0-5. C14 integrates argument parsing; complete frame accounting is a planned C18 continuation.,https://github.com/delta9000/seed-forth/blob/7d7e1996d1753118181d43e1a413960d3a1ec24b/100-cc-expr.fth#L457
100-cc-expr.fth,7d7e1996d1753118181d43e1a413960d3a1ec24b,29ca0e38f19907fc4fd18286e22a0518072ad181,cc-emit-pops-for-args,colon,472,C10,chapters/10-calls-literals-and-deferred-addresses.md,Relative call displacement and reverse argument-register pops; the caller bounds register indexes to 0-5. C14 integrates argument parsing; complete frame accounting is a planned C18 continuation.,https://github.com/delta9000/seed-forth/blob/7d7e1996d1753118181d43e1a413960d3a1ec24b/100-cc-expr.fth#L472
100-cc-expr.fth,7d7e1996d1753118181d43e1a413960d3a1ec24b,29ca0e38f19907fc4fd18286e22a0518072ad181,cc-native-swap-args,colon,484,C14,chapters/14-expressions-and-constant-evaluation.md,"Private all-stack call staging, reversal, target placement, cleanup and result metadata. Full private-frame and System V/aggregate call providers are planned C23/G03/G04/G15 continuations.",https://github.com/delta9000/seed-forth/blob/7d7e1996d1753118181d43e1a413960d3a1ec24b/100-cc-expr.fth#L484
100-cc-expr.fth,7d7e1996d1753118181d43e1a413960d3a1ec24b,29ca0e38f19907fc4fd18286e22a0518072ad181,cc-native-reverse-args,colon,495,C14,chapters/14-expressions-and-constant-evaluation.md,"Private all-stack call staging, reversal, target placement, cleanup and result metadata. Full private-frame and System V/aggregate call providers are planned C23/G03/G04/G15 continuations.",https://github.com/delta9000/seed-forth/blob/7d7e1996d1753118181d43e1a413960d3a1ec24b/100-cc-expr.fth#L495
100-cc-expr.fth,7d7e1996d1753118181d43e1a413960d3a1ec24b,29ca0e38f19907fc4fd18286e22a0518072ad181,cc-native-drop-args,colon,503,C14,chapters/14-expressions-and-constant-evaluation.md,"Private all-stack call staging, reversal, target placement, cleanup and result metadata. Full private-frame and System V/aggregate call providers are planned C23/G03/G04/G15 continuations.",https://github.com/delta9000/seed-forth/blob/7d7e1996d1753118181d43e1a413960d3a1ec24b/100-cc-expr.fth#L503
100-cc-expr.fth,7d7e1996d1753118181d43e1a413960d3a1ec24b,29ca0e38f19907fc4fd18286e22a0518072ad181,cc-native-load-call-target,colon,509,C14,chapters/14-expressions-and-constant-evaluation.md,"Private all-stack call staging, reversal, target placement, cleanup and result metadata. Full private-frame and System V/aggregate call providers are planned C23/G03/G04/G15 continuations.",https://github.com/delta9000/seed-forth/blob/7d7e1996d1753118181d43e1a413960d3a1ec24b/100-cc-expr.fth#L509
100-cc-expr.fth,7d7e1996d1753118181d43e1a413960d3a1ec24b,29ca0e38f19907fc4fd18286e22a0518072ad181,cc-native-parse-args,colon,514,C14,chapters/14-expressions-and-constant-evaluation.md,"Private all-stack call staging, reversal, target placement, cleanup and result metadata. Full private-frame and System V/aggregate call providers are planned C23/G03/G04/G15 continuations.",https://github.com/delta9000/seed-forth/blob/7d7e1996d1753118181d43e1a413960d3a1ec24b/100-cc-expr.fth#L514
100-cc-expr.fth,7d7e1996d1753118181d43e1a413960d3a1ec24b,29ca0e38f19907fc4fd18286e22a0518072ad181,cc-parse-native-call,colon,530,C14,chapters/14-expressions-and-constant-evaluation.md,"Private all-stack call staging, reversal, target placement, cleanup and result metadata. Full private-frame and System V/aggregate call providers are planned C23/G03/G04/G15 continuations.",https://github.com/delta9000/seed-forth/blob/7d7e1996d1753118181d43e1a413960d3a1ec24b/100-cc-expr.fth#L530
100-cc-expr.fth,7d7e1996d1753118181d43e1a413960d3a1ec24b,29ca0e38f19907fc4fd18286e22a0518072ad181,cc-parse-indirect-call,colon,556,C14,chapters/14-expressions-and-constant-evaluation.md,"Private all-stack call staging, reversal, target placement, cleanup and result metadata. Full private-frame and System V/aggregate call providers are planned C23/G03/G04/G15 continuations.",https://github.com/delta9000/seed-forth/blob/7d7e1996d1753118181d43e1a413960d3a1ec24b/100-cc-expr.fth#L556
100-cc-expr.fth,7d7e1996d1753118181d43e1a413960d3a1ec24b,29ca0e38f19907fc4fd18286e22a0518072ad181,cc-native-call-fwd,defer,566,C14,chapters/14-expressions-and-constant-evaluation.md,"Private all-stack call staging, reversal, target placement, cleanup and result metadata. Full private-frame and System V/aggregate call providers are planned C23/G03/G04/G15 continuations.",https://github.com/delta9000/seed-forth/blob/7d7e1996d1753118181d43e1a413960d3a1ec24b/100-cc-expr.fth#L566
100-cc-expr.fth,7d7e1996d1753118181d43e1a413960d3a1ec24b,29ca0e38f19907fc4fd18286e22a0518072ad181,cc-native-indirect-fwd,defer,567,C14,chapters/14-expressions-and-constant-evaluation.md,"Private all-stack call staging, reversal, target placement, cleanup and result metadata. Full private-frame and System V/aggregate call providers are planned C23/G03/G04/G15 continuations.",https://github.com/delta9000/seed-forth/blob/7d7e1996d1753118181d43e1a413960d3a1ec24b/100-cc-expr.fth#L567
100-cc-expr.fth,7d7e1996d1753118181d43e1a413960d3a1ec24b,29ca0e38f19907fc4fd18286e22a0518072ad181,cc-native-call-result,colon,570,C14,chapters/14-expressions-and-constant-evaluation.md,"Private all-stack call staging, reversal, target placement, cleanup and result metadata. Full private-frame and System V/aggregate call providers are planned C23/G03/G04/G15 continuations.",https://github.com/delta9000/seed-forth/blob/7d7e1996d1753118181d43e1a413960d3a1ec24b/100-cc-expr.fth#L570
100-cc-expr.fth,7d7e1996d1753118181d43e1a413960d3a1ec24b,29ca0e38f19907fc4fd18286e22a0518072ad181,cc-native-call-result-fwd,defer,574,C14,chapters/14-expressions-and-constant-evaluation.md,"Private all-stack call staging, reversal, target placement, cleanup and result metadata. Full private-frame and System V/aggregate call providers are planned C23/G03/G04/G15 continuations.",https://github.com/delta9000/seed-forth/blob/7d7e1996d1753118181d43e1a413960d3a1ec24b/100-cc-expr.fth#L574
100-cc-expr.fth,7d7e1996d1753118181d43e1a413960d3a1ec24b,29ca0e38f19907fc4fd18286e22a0518072ad181,cc-native-function-desc,colon,576,C12,chapters/12-places-values-and-delayed-loads.md,Function-reference descriptor query and its zero default; C14 reuses signature/call metadata. Signature and object-relocation providers are planned G02/G03/G04 continuations.,https://github.com/delta9000/seed-forth/blob/7d7e1996d1753118181d43e1a413960d3a1ec24b/100-cc-expr.fth#L576
100-cc-expr.fth,7d7e1996d1753118181d43e1a413960d3a1ec24b,29ca0e38f19907fc4fd18286e22a0518072ad181,cc-native-function-desc-fwd,defer,577,C12,chapters/12-places-values-and-delayed-loads.md,Function-reference descriptor query and its zero default; C14 reuses signature/call metadata. Signature and object-relocation providers are planned G02/G03/G04 continuations.,https://github.com/delta9000/seed-forth/blob/7d7e1996d1753118181d43e1a413960d3a1ec24b/100-cc-expr.fth#L577
100-cc-expr.fth,7d7e1996d1753118181d43e1a413960d3a1ec24b,29ca0e38f19907fc4fd18286e22a0518072ad181,cc-parse-call,colon,589,C14,chapters/14-expressions-and-constant-evaluation.md,Complete call grammar and legacy function/prototype/local-pointer dispatch; C10 owns call encodings and fixup-list mechanics. Whole-frame/nested-call context is a planned C18 continuation.,https://github.com/delta9000/seed-forth/blob/7d7e1996d1753118181d43e1a413960d3a1ec24b/100-cc-expr.fth#L589
100-cc-expr.fth,7d7e1996d1753118181d43e1a413960d3a1ec24b,29ca0e38f19907fc4fd18286e22a0518072ad181,cc-parse-native-string-literal,colon,687,C10,chapters/10-calls-literals-and-deferred-addresses.md,Inline string control-flow wrapper and LP64 adjacent-token concatenation; C12 explains literal metadata and C14 integrates operand dispatch. Object string placement is a planned G02 continuation.,https://github.com/delta9000/seed-forth/blob/7d7e1996d1753118181d43e1a413960d3a1ec24b/100-cc-expr.fth#L687
100-cc-expr.fth,7d7e1996d1753118181d43e1a413960d3a1ec24b,29ca0e38f19907fc4fd18286e22a0518072ad181,cc-native-string-fwd,defer,703,C10,chapters/10-calls-literals-and-deferred-addresses.md,Inline string control-flow wrapper and LP64 adjacent-token concatenation; C12 explains literal metadata and C14 integrates operand dispatch. Object string placement is a planned G02 continuation.,https://github.com/delta9000/seed-forth/blob/7d7e1996d1753118181d43e1a413960d3a1ec24b/100-cc-expr.fth#L703
100-cc-expr.fth,7d7e1996d1753118181d43e1a413960d3a1ec24b,29ca0e38f19907fc4fd18286e22a0518072ad181,cc-parse-string-literal,colon,706,C10,chapters/10-calls-literals-and-deferred-addresses.md,Inline string control-flow wrapper and LP64 adjacent-token concatenation; C12 explains literal metadata and C14 integrates operand dispatch. Object string placement is a planned G02 continuation.,https://github.com/delta9000/seed-forth/blob/7d7e1996d1753118181d43e1a413960d3a1ec24b/100-cc-expr.fth#L706
100-cc-expr.fth,7d7e1996d1753118181d43e1a413960d3a1ec24b,29ca0e38f19907fc4fd18286e22a0518072ad181,cc-parse-func-ref,colon,729,C12,chapters/12-places-values-and-delayed-loads.md,"Function-name address production, imm64 fixup registration and unevaluated suppression; C10 owns patch-list mechanics and C14 opens sizeof rollback. Function completion is a planned C18 continuation.",https://github.com/delta9000/seed-forth/blob/7d7e1996d1753118181d43e1a413960d3a1ec24b/100-cc-expr.fth#L729
100-cc-expr.fth,7d7e1996d1753118181d43e1a413960d3a1ec24b,29ca0e38f19907fc4fd18286e22a0518072ad181,cc-parse-global-ref,colon,754,C12,chapters/12-places-values-and-delayed-loads.md,Global array/aggregate/scalar reference production and profile-dependent metadata; C10 supplies deferred global addresses. File-scope object producers are a planned C19 continuation.,https://github.com/delta9000/seed-forth/blob/7d7e1996d1753118181d43e1a413960d3a1ec24b/100-cc-expr.fth#L754
100-cc-expr.fth,7d7e1996d1753118181d43e1a413960d3a1ec24b,29ca0e38f19907fc4fd18286e22a0518072ad181,cc-native-local-load-fwd,defer,796,C12,chapters/12-places-values-and-delayed-loads.md,Local array/aggregate address production and scalar load/slot publication; the System V hook may leave a pending address. Complete native frame/provider context is planned for C23/G03/G04.,https://github.com/delta9000/seed-forth/blob/7d7e1996d1753118181d43e1a413960d3a1ec24b/100-cc-expr.fth#L796
100-cc-expr.fth,7d7e1996d1753118181d43e1a413960d3a1ec24b,29ca0e38f19907fc4fd18286e22a0518072ad181,cc-parse-local-ref,colon,799,C12,chapters/12-places-values-and-delayed-loads.md,Local array/aggregate address production and scalar load/slot publication; the System V hook may leave a pending address. Complete native frame/provider context is planned for C23/G03/G04.,https://github.com/delta9000/seed-forth/blob/7d7e1996d1753118181d43e1a413960d3a1ec24b/100-cc-expr.fth#L799
100-cc-expr.fth,7d7e1996d1753118181d43e1a413960d3a1ec24b,29ca0e38f19907fc4fd18286e22a0518072ad181,cc-native-intrinsic-noop,colon,865,C12,chapters/12-places-values-and-delayed-loads.md,Identifier-dispatch extension defaults: intrinsic handled flag and unknown-name ID-or-negative result. Intrinsic and signature providers are planned G12/G03 continuations.,https://github.com/delta9000/seed-forth/blob/7d7e1996d1753118181d43e1a413960d3a1ec24b/100-cc-expr.fth#L865
100-cc-expr.fth,7d7e1996d1753118181d43e1a413960d3a1ec24b,29ca0e38f19907fc4fd18286e22a0518072ad181,cc-native-intrinsic-fwd,defer,866,C12,chapters/12-places-values-and-delayed-loads.md,Identifier-dispatch extension defaults: intrinsic handled flag and unknown-name ID-or-negative result. Intrinsic and signature providers are planned G12/G03 continuations.,https://github.com/delta9000/seed-forth/blob/7d7e1996d1753118181d43e1a413960d3a1ec24b/100-cc-expr.fth#L866
100-cc-expr.fth,7d7e1996d1753118181d43e1a413960d3a1ec24b,29ca0e38f19907fc4fd18286e22a0518072ad181,cc-native-unknown-ident-default,colon,869,C12,chapters/12-places-values-and-delayed-loads.md,Identifier-dispatch extension defaults: intrinsic handled flag and unknown-name ID-or-negative result. Intrinsic and signature providers are planned G12/G03 continuations.,https://github.com/delta9000/seed-forth/blob/7d7e1996d1753118181d43e1a413960d3a1ec24b/100-cc-expr.fth#L869
100-cc-expr.fth,7d7e1996d1753118181d43e1a413960d3a1ec24b,29ca0e38f19907fc4fd18286e22a0518072ad181,cc-native-unknown-ident-fwd,defer,870,C12,chapters/12-places-values-and-delayed-loads.md,Identifier-dispatch extension defaults: intrinsic handled flag and unknown-name ID-or-negative result. Intrinsic and signature providers are planned G12/G03 continuations.,https://github.com/delta9000/seed-forth/blob/7d7e1996d1753118181d43e1a413960d3a1ec24b/100-cc-expr.fth#L870
100-cc-expr.fth,7d7e1996d1753118181d43e1a413960d3a1ec24b,29ca0e38f19907fc4fd18286e22a0518072ad181,cc-native-call-qualified-default,colon,873,C14,chapters/14-expressions-and-constant-evaluation.md,Named-call result-qualification query and zero default; preserve result facts across nested arguments. C12 introduces the name-dispatch boundary; full signature policy is planned for G03/G04.,https://github.com/delta9000/seed-forth/blob/7d7e1996d1753118181d43e1a413960d3a1ec24b/100-cc-expr.fth#L873
100-cc-expr.fth,7d7e1996d1753118181d43e1a413960d3a1ec24b,29ca0e38f19907fc4fd18286e22a0518072ad181,cc-native-call-qualified-fwd,defer,874,C14,chapters/14-expressions-and-constant-evaluation.md,Named-call result-qualification query and zero default; preserve result facts across nested arguments. C12 introduces the name-dispatch boundary; full signature policy is planned for G03/G04.,https://github.com/delta9000/seed-forth/blob/7d7e1996d1753118181d43e1a413960d3a1ec24b/100-cc-expr.fth#L874
100-cc-expr.fth,7d7e1996d1753118181d43e1a413960d3a1ec24b,29ca0e38f19907fc4fd18286e22a0518072ad181,cc-parse-ident,colon,877,C12,chapters/12-places-values-and-delayed-loads.md,Identifier lookup and enum/call/index/reference dispatch; C14 owns argument grammar and saves call-result facts across recursive parsing.,https://github.com/delta9000/seed-forth/blob/7d7e1996d1753118181d43e1a413960d3a1ec24b/100-cc-expr.fth#L877
100-cc-expr.fth,7d7e1996d1753118181d43e1a413960d3a1ec24b,29ca0e38f19907fc4fd18286e22a0518072ad181,cc-parse-paren,colon,931,C12,chapters/12-places-values-and-delayed-loads.md,Grouping preserves the inner place/value state by avoiding final public materialization; C14 closes assignment/comma grammar and the cast probe.,https://github.com/delta9000/seed-forth/blob/7d7e1996d1753118181d43e1a413960d3a1ec24b/100-cc-expr.fth#L931
100-cc-expr.fth,7d7e1996d1753118181d43e1a413960d3a1ec24b,29ca0e38f19907fc4fd18286e22a0518072ad181,cc-parse-operand,colon,940,C12,chapters/12-places-values-and-delayed-loads.md,"Literal/name/grouped-operand producers, null provenance and profile-selected types; C14 integrates the primary/postfix loop and cross-file cast handshake.",https://github.com/delta9000/seed-forth/blob/7d7e1996d1753118181d43e1a413960d3a1ec24b/100-cc-expr.fth#L940
100-cc-expr.fth,7d7e1996d1753118181d43e1a413960d3a1ec24b,29ca0e38f19907fc4fd18286e22a0518072ad181,cc-change-qualified,variable,968,C14,chapters/14-expressions-and-constant-evaluation.md,"Postfix updates and native typed update scratch: preserve old versus new value, destination, width, stride and metadata. C12 supplies place production; bitfield policy is planned for G14.",https://github.com/delta9000/seed-forth/blob/7d7e1996d1753118181d43e1a413960d3a1ec24b/100-cc-expr.fth#L968
100-cc-expr.fth,7d7e1996d1753118181d43e1a413960d3a1ec24b,29ca0e38f19907fc4fd18286e22a0518072ad181,cc-change-type,variable,969,C14,chapters/14-expressions-and-constant-evaluation.md,"Postfix updates and native typed update scratch: preserve old versus new value, destination, width, stride and metadata. C12 supplies place production; bitfield policy is planned for G14.",https://github.com/delta9000/seed-forth/blob/7d7e1996d1753118181d43e1a413960d3a1ec24b/100-cc-expr.fth#L969
100-cc-expr.fth,7d7e1996d1753118181d43e1a413960d3a1ec24b,29ca0e38f19907fc4fd18286e22a0518072ad181,cc-change-desc,variable,970,C14,chapters/14-expressions-and-constant-evaluation.md,"Postfix updates and native typed update scratch: preserve old versus new value, destination, width, stride and metadata. C12 supplies place production; bitfield policy is planned for G14.",https://github.com/delta9000/seed-forth/blob/7d7e1996d1753118181d43e1a413960d3a1ec24b/100-cc-expr.fth#L970
100-cc-expr.fth,7d7e1996d1753118181d43e1a413960d3a1ec24b,29ca0e38f19907fc4fd18286e22a0518072ad181,cc-change-field,variable,971,C14,chapters/14-expressions-and-constant-evaluation.md,"Postfix updates and native typed update scratch: preserve old versus new value, destination, width, stride and metadata. C12 supplies place production; bitfield policy is planned for G14.",https://github.com/delta9000/seed-forth/blob/7d7e1996d1753118181d43e1a413960d3a1ec24b/100-cc-expr.fth#L971
100-cc-expr.fth,7d7e1996d1753118181d43e1a413960d3a1ec24b,29ca0e38f19907fc4fd18286e22a0518072ad181,cc-change-postfix,variable,972,C14,chapters/14-expressions-and-constant-evaluation.md,"Postfix updates and native typed update scratch: preserve old versus new value, destination, width, stride and metadata. C12 supplies place production; bitfield policy is planned for G14.",https://github.com/delta9000/seed-forth/blob/7d7e1996d1753118181d43e1a413960d3a1ec24b/100-cc-expr.fth#L972
100-cc-expr.fth,7d7e1996d1753118181d43e1a413960d3a1ec24b,29ca0e38f19907fc4fd18286e22a0518072ad181,cc-change-delta,variable,973,C14,chapters/14-expressions-and-constant-evaluation.md,"Postfix updates and native typed update scratch: preserve old versus new value, destination, width, stride and metadata. C12 supplies place production; bitfield policy is planned for G14.",https://github.com/delta9000/seed-forth/blob/7d7e1996d1753118181d43e1a413960d3a1ec24b/100-cc-expr.fth#L973
100-cc-expr.fth,7d7e1996d1753118181d43e1a413960d3a1ec24b,29ca0e38f19907fc4fd18286e22a0518072ad181,cc-native-inc-dec,colon,976,C14,chapters/14-expressions-and-constant-evaluation.md,"Postfix updates and native typed update scratch: preserve old versus new value, destination, width, stride and metadata. C12 supplies place production; bitfield policy is planned for G14.",https://github.com/delta9000/seed-forth/blob/7d7e1996d1753118181d43e1a413960d3a1ec24b/100-cc-expr.fth#L976
100-cc-expr.fth,7d7e1996d1753118181d43e1a413960d3a1ec24b,29ca0e38f19907fc4fd18286e22a0518072ad181,cc-parse-postfix-inc-dec,colon,1013,C14,chapters/14-expressions-and-constant-evaluation.md,"Postfix updates and native typed update scratch: preserve old versus new value, destination, width, stride and metadata. C12 supplies place production; bitfield policy is planned for G14.",https://github.com/delta9000/seed-forth/blob/7d7e1996d1753118181d43e1a413960d3a1ec24b/100-cc-expr.fth#L1013
100-cc-expr.fth,7d7e1996d1753118181d43e1a413960d3a1ec24b,29ca0e38f19907fc4fd18286e22a0518072ad181,cc-postfix-base-default,colon,1051,C12,chapters/12-places-values-and-delayed-loads.md,"Postfix subscript base contract, saved outer shape/qualification and pending element publication; C14 composes suffixes. Ranked-array legality providers are planned for G03.",https://github.com/delta9000/seed-forth/blob/7d7e1996d1753118181d43e1a413960d3a1ec24b/100-cc-expr.fth#L1051
100-cc-expr.fth,7d7e1996d1753118181d43e1a413960d3a1ec24b,29ca0e38f19907fc4fd18286e22a0518072ad181,cc-index-base-fwd,defer,1052,C12,chapters/12-places-values-and-delayed-loads.md,"Postfix subscript base contract, saved outer shape/qualification and pending element publication; C14 composes suffixes. Ranked-array legality providers are planned for G03.",https://github.com/delta9000/seed-forth/blob/7d7e1996d1753118181d43e1a413960d3a1ec24b/100-cc-expr.fth#L1052
100-cc-expr.fth,7d7e1996d1753118181d43e1a413960d3a1ec24b,29ca0e38f19907fc4fd18286e22a0518072ad181,cc-member-base-fwd,defer,1053,C12,chapters/12-places-values-and-delayed-loads.md,"Postfix subscript base contract, saved outer shape/qualification and pending element publication; C14 composes suffixes. Ranked-array legality providers are planned for G03.",https://github.com/delta9000/seed-forth/blob/7d7e1996d1753118181d43e1a413960d3a1ec24b/100-cc-expr.fth#L1053
100-cc-expr.fth,7d7e1996d1753118181d43e1a413960d3a1ec24b,29ca0e38f19907fc4fd18286e22a0518072ad181,cc-parse-postfix-index,colon,1056,C12,chapters/12-places-values-and-delayed-loads.md,"Postfix subscript base contract, saved outer shape/qualification and pending element publication; C14 composes suffixes. Ranked-array legality providers are planned for G03.",https://github.com/delta9000/seed-forth/blob/7d7e1996d1753118181d43e1a413960d3a1ec24b/100-cc-expr.fth#L1056
100-cc-expr.fth,7d7e1996d1753118181d43e1a413960d3a1ec24b,29ca0e38f19907fc4fd18286e22a0518072ad181,cc-parse-postfix-field,colon,1108,C12,chapters/12-places-values-and-delayed-loads.md,"Dot/arrow field address production, descriptor propagation, arrays and temporary-member state; C14 composes suffixes and C15 constructs records. Aggregate/bitfield providers are planned for G15/G14.",https://github.com/delta9000/seed-forth/blob/7d7e1996d1753118181d43e1a413960d3a1ec24b/100-cc-expr.fth#L1108
100-cc-expr.fth,7d7e1996d1753118181d43e1a413960d3a1ec24b,29ca0e38f19907fc4fd18286e22a0518072ad181,cc-postfix-op?,colon,1161,C14,chapters/14-expressions-and-constant-evaluation.md,Primary reset and postfix-recognition/dispatch loop with one-token hand-back; C12 opens the field/index/name producers and LP64 adds postfix calls.,https://github.com/delta9000/seed-forth/blob/7d7e1996d1753118181d43e1a413960d3a1ec24b/100-cc-expr.fth#L1161
100-cc-expr.fth,7d7e1996d1753118181d43e1a413960d3a1ec24b,29ca0e38f19907fc4fd18286e22a0518072ad181,cc-parse-postfix-ops,colon,1171,C14,chapters/14-expressions-and-constant-evaluation.md,Primary reset and postfix-recognition/dispatch loop with one-token hand-back; C12 opens the field/index/name producers and LP64 adds postfix calls.,https://github.com/delta9000/seed-forth/blob/7d7e1996d1753118181d43e1a413960d3a1ec24b/100-cc-expr.fth#L1171
100-cc-expr.fth,7d7e1996d1753118181d43e1a413960d3a1ec24b,29ca0e38f19907fc4fd18286e22a0518072ad181,cc-parse-primary,colon,1194,C14,chapters/14-expressions-and-constant-evaluation.md,Primary reset and postfix-recognition/dispatch loop with one-token hand-back; C12 opens the field/index/name producers and LP64 adds postfix calls.,https://github.com/delta9000/seed-forth/blob/7d7e1996d1753118181d43e1a413960d3a1ec24b/100-cc-expr.fth#L1194
100-cc-expr.fth,7d7e1996d1753118181d43e1a413960d3a1ec24b,29ca0e38f19907fc4fd18286e22a0518072ad181,cc-sizeof-bytes,variable,1234,C14,chapters/14-expressions-and-constant-evaluation.md,"sizeof count/type/expression routes, retained array extent, and exact output/fixup/unevaluated rollback; 110 supplies type-name adapters. Richer type/aggregate policy is planned for G03/G15.",https://github.com/delta9000/seed-forth/blob/7d7e1996d1753118181d43e1a413960d3a1ec24b/100-cc-expr.fth#L1234
100-cc-expr.fth,7d7e1996d1753118181d43e1a413960d3a1ec24b,29ca0e38f19907fc4fd18286e22a0518072ad181,cc-sizeof-count-stars-add,colon,1239,C14,chapters/14-expressions-and-constant-evaluation.md,"sizeof count/type/expression routes, retained array extent, and exact output/fixup/unevaluated rollback; 110 supplies type-name adapters. Richer type/aggregate policy is planned for G03/G15.",https://github.com/delta9000/seed-forth/blob/7d7e1996d1753118181d43e1a413960d3a1ec24b/100-cc-expr.fth#L1239
100-cc-expr.fth,7d7e1996d1753118181d43e1a413960d3a1ec24b,29ca0e38f19907fc4fd18286e22a0518072ad181,cc-native-sizeof-expr-size,colon,1249,C14,chapters/14-expressions-and-constant-evaluation.md,"sizeof count/type/expression routes, retained array extent, and exact output/fixup/unevaluated rollback; 110 supplies type-name adapters. Richer type/aggregate policy is planned for G03/G15.",https://github.com/delta9000/seed-forth/blob/7d7e1996d1753118181d43e1a413960d3a1ec24b/100-cc-expr.fth#L1249
100-cc-expr.fth,7d7e1996d1753118181d43e1a413960d3a1ec24b,29ca0e38f19907fc4fd18286e22a0518072ad181,cc-sizeof-type-size-fwd,defer,1257,C14,chapters/14-expressions-and-constant-evaluation.md,"sizeof count/type/expression routes, retained array extent, and exact output/fixup/unevaluated rollback; 110 supplies type-name adapters. Richer type/aggregate policy is planned for G03/G15.",https://github.com/delta9000/seed-forth/blob/7d7e1996d1753118181d43e1a413960d3a1ec24b/100-cc-expr.fth#L1257
100-cc-expr.fth,7d7e1996d1753118181d43e1a413960d3a1ec24b,29ca0e38f19907fc4fd18286e22a0518072ad181,cc-native-sizeof,colon,1260,C14,chapters/14-expressions-and-constant-evaluation.md,"sizeof count/type/expression routes, retained array extent, and exact output/fixup/unevaluated rollback; 110 supplies type-name adapters. Richer type/aggregate policy is planned for G03/G15.",https://github.com/delta9000/seed-forth/blob/7d7e1996d1753118181d43e1a413960d3a1ec24b/100-cc-expr.fth#L1260
100-cc-expr.fth,7d7e1996d1753118181d43e1a413960d3a1ec24b,29ca0e38f19907fc4fd18286e22a0518072ad181,cc-parse-sizeof,colon,1289,C14,chapters/14-expressions-and-constant-evaluation.md,Legacy sizeof syntax/size cases and LP64 unsigned-long result publication; C12 supplies array and descriptor state.,https://github.com/delta9000/seed-forth/blob/7d7e1996d1753118181d43e1a413960d3a1ec24b/100-cc-expr.fth#L1289
100-cc-expr.fth,7d7e1996d1753118181d43e1a413960d3a1ec24b,29ca0e38f19907fc4fd18286e22a0518072ad181,cc-name-alone?,colon,1383,C14,chapters/14-expressions-and-constant-evaluation.md,Full-lexer lookahead for a plain name and prefix update paths; distinguish local fast path from recursive pending-address updates and old/new results.,https://github.com/delta9000/seed-forth/blob/7d7e1996d1753118181d43e1a413960d3a1ec24b/100-cc-expr.fth#L1383
100-cc-expr.fth,7d7e1996d1753118181d43e1a413960d3a1ec24b,29ca0e38f19907fc4fd18286e22a0518072ad181,cc-parse-prefix-inc-dec,colon,1398,C14,chapters/14-expressions-and-constant-evaluation.md,Full-lexer lookahead for a plain name and prefix update paths; distinguish local fast path from recursive pending-address updates and old/new results.,https://github.com/delta9000/seed-forth/blob/7d7e1996d1753118181d43e1a413960d3a1ec24b/100-cc-expr.fth#L1398
100-cc-expr.fth,7d7e1996d1753118181d43e1a413960d3a1ec24b,29ca0e38f19907fc4fd18286e22a0518072ad181,cc-array-address-default,colon,1440,C14,chapters/14-expressions-and-constant-evaluation.md,"Recursive unary parsing, address/dereference rules and profile-selected promotion/conversion; C12 supplies place metadata. Ranked-array/bitfield/provider legality is planned for G03/G14/G15.",https://github.com/delta9000/seed-forth/blob/7d7e1996d1753118181d43e1a413960d3a1ec24b/100-cc-expr.fth#L1440
100-cc-expr.fth,7d7e1996d1753118181d43e1a413960d3a1ec24b,29ca0e38f19907fc4fd18286e22a0518072ad181,cc-array-address-fwd,defer,1442,C14,chapters/14-expressions-and-constant-evaluation.md,"Recursive unary parsing, address/dereference rules and profile-selected promotion/conversion; C12 supplies place metadata. Ranked-array/bitfield/provider legality is planned for G03/G14/G15.",https://github.com/delta9000/seed-forth/blob/7d7e1996d1753118181d43e1a413960d3a1ec24b/100-cc-expr.fth#L1442
100-cc-expr.fth,7d7e1996d1753118181d43e1a413960d3a1ec24b,29ca0e38f19907fc4fd18286e22a0518072ad181,cc-parse-unary,colon,1445,C14,chapters/14-expressions-and-constant-evaluation.md,"Recursive unary parsing, address/dereference rules and profile-selected promotion/conversion; C12 supplies place metadata. Ranked-array/bitfield/provider legality is planned for G03/G14/G15.",https://github.com/delta9000/seed-forth/blob/7d7e1996d1753118181d43e1a413960d3a1ec24b/100-cc-expr.fth#L1445
100-cc-expr.fth,7d7e1996d1753118181d43e1a413960d3a1ec24b,29ca0e38f19907fc4fd18286e22a0518072ad181,cc-negate,colon,1566,C14,chapters/14-expressions-and-constant-evaluation.md,Immediate builder-cell arithmetic for constant evaluation; C13 explains how bo-eval differs from bo-emitter. Bounded manual examples do not establish all overflow/shift cases.,https://github.com/delta9000/seed-forth/blob/7d7e1996d1753118181d43e1a413960d3a1ec24b/100-cc-expr.fth#L1566
100-cc-expr.fth,7d7e1996d1753118181d43e1a413960d3a1ec24b,29ca0e38f19907fc4fd18286e22a0518072ad181,cc-invert,colon,1567,C14,chapters/14-expressions-and-constant-evaluation.md,Immediate builder-cell arithmetic for constant evaluation; C13 explains how bo-eval differs from bo-emitter. Bounded manual examples do not establish all overflow/shift cases.,https://github.com/delta9000/seed-forth/blob/7d7e1996d1753118181d43e1a413960d3a1ec24b/100-cc-expr.fth#L1567
100-cc-expr.fth,7d7e1996d1753118181d43e1a413960d3a1ec24b,29ca0e38f19907fc4fd18286e22a0518072ad181,cc-xor,colon,1568,C14,chapters/14-expressions-and-constant-evaluation.md,Immediate builder-cell arithmetic for constant evaluation; C13 explains how bo-eval differs from bo-emitter. Bounded manual examples do not establish all overflow/shift cases.,https://github.com/delta9000/seed-forth/blob/7d7e1996d1753118181d43e1a413960d3a1ec24b/100-cc-expr.fth#L1568
100-cc-expr.fth,7d7e1996d1753118181d43e1a413960d3a1ec24b,29ca0e38f19907fc4fd18286e22a0518072ad181,cc-flag,colon,1569,C14,chapters/14-expressions-and-constant-evaluation.md,Immediate builder-cell arithmetic for constant evaluation; C13 explains how bo-eval differs from bo-emitter. Bounded manual examples do not establish all overflow/shift cases.,https://github.com/delta9000/seed-forth/blob/7d7e1996d1753118181d43e1a413960d3a1ec24b/100-cc-expr.fth#L1569
100-cc-expr.fth,7d7e1996d1753118181d43e1a413960d3a1ec24b,29ca0e38f19907fc4fd18286e22a0518072ad181,cc-abs,colon,1570,C14,chapters/14-expressions-and-constant-evaluation.md,Immediate builder-cell arithmetic for constant evaluation; C13 explains how bo-eval differs from bo-emitter. Bounded manual examples do not establish all overflow/shift cases.,https://github.com/delta9000/seed-forth/blob/7d7e1996d1753118181d43e1a413960d3a1ec24b/100-cc-expr.fth#L1570
100-cc-expr.fth,7d7e1996d1753118181d43e1a413960d3a1ec24b,29ca0e38f19907fc4fd18286e22a0518072ad181,cc-divisor,colon,1573,C14,chapters/14-expressions-and-constant-evaluation.md,Immediate builder-cell arithmetic for constant evaluation; C13 explains how bo-eval differs from bo-emitter. Bounded manual examples do not establish all overflow/shift cases.,https://github.com/delta9000/seed-forth/blob/7d7e1996d1753118181d43e1a413960d3a1ec24b/100-cc-expr.fth#L1573
100-cc-expr.fth,7d7e1996d1753118181d43e1a413960d3a1ec24b,29ca0e38f19907fc4fd18286e22a0518072ad181,cc-div,colon,1577,C14,chapters/14-expressions-and-constant-evaluation.md,Immediate builder-cell arithmetic for constant evaluation; C13 explains how bo-eval differs from bo-emitter. Bounded manual examples do not establish all overflow/shift cases.,https://github.com/delta9000/seed-forth/blob/7d7e1996d1753118181d43e1a413960d3a1ec24b/100-cc-expr.fth#L1577
100-cc-expr.fth,7d7e1996d1753118181d43e1a413960d3a1ec24b,29ca0e38f19907fc4fd18286e22a0518072ad181,cc-mod,colon,1580,C14,chapters/14-expressions-and-constant-evaluation.md,Immediate builder-cell arithmetic for constant evaluation; C13 explains how bo-eval differs from bo-emitter. Bounded manual examples do not establish all overflow/shift cases.,https://github.com/delta9000/seed-forth/blob/7d7e1996d1753118181d43e1a413960d3a1ec24b/100-cc-expr.fth#L1580
100-cc-expr.fth,7d7e1996d1753118181d43e1a413960d3a1ec24b,29ca0e38f19907fc4fd18286e22a0518072ad181,cc-pow2,colon,1585,C14,chapters/14-expressions-and-constant-evaluation.md,Immediate builder-cell arithmetic for constant evaluation; C13 explains how bo-eval differs from bo-emitter. Bounded manual examples do not establish all overflow/shift cases.,https://github.com/delta9000/seed-forth/blob/7d7e1996d1753118181d43e1a413960d3a1ec24b/100-cc-expr.fth#L1585
100-cc-expr.fth,7d7e1996d1753118181d43e1a413960d3a1ec24b,29ca0e38f19907fc4fd18286e22a0518072ad181,cc-shl,colon,1590,C14,chapters/14-expressions-and-constant-evaluation.md,Immediate builder-cell arithmetic for constant evaluation; C13 explains how bo-eval differs from bo-emitter. Bounded manual examples do not establish all overflow/shift cases.,https://github.com/delta9000/seed-forth/blob/7d7e1996d1753118181d43e1a413960d3a1ec24b/100-cc-expr.fth#L1590
100-cc-expr.fth,7d7e1996d1753118181d43e1a413960d3a1ec24b,29ca0e38f19907fc4fd18286e22a0518072ad181,cc-sar,colon,1591,C14,chapters/14-expressions-and-constant-evaluation.md,Immediate builder-cell arithmetic for constant evaluation; C13 explains how bo-eval differs from bo-emitter. Bounded manual examples do not establish all overflow/shift cases.,https://github.com/delta9000/seed-forth/blob/7d7e1996d1753118181d43e1a413960d3a1ec24b/100-cc-expr.fth#L1591
100-cc-expr.fth,7d7e1996d1753118181d43e1a413960d3a1ec24b,29ca0e38f19907fc4fd18286e22a0518072ad181,cc-lt,colon,1599,C14,chapters/14-expressions-and-constant-evaluation.md,Immediate builder-cell arithmetic for constant evaluation; C13 explains how bo-eval differs from bo-emitter. Bounded manual examples do not establish all overflow/shift cases.,https://github.com/delta9000/seed-forth/blob/7d7e1996d1753118181d43e1a413960d3a1ec24b/100-cc-expr.fth#L1599
100-cc-expr.fth,7d7e1996d1753118181d43e1a413960d3a1ec24b,29ca0e38f19907fc4fd18286e22a0518072ad181,cc-gt,colon,1600,C14,chapters/14-expressions-and-constant-evaluation.md,Immediate builder-cell arithmetic for constant evaluation; C13 explains how bo-eval differs from bo-emitter. Bounded manual examples do not establish all overflow/shift cases.,https://github.com/delta9000/seed-forth/blob/7d7e1996d1753118181d43e1a413960d3a1ec24b/100-cc-expr.fth#L1600
100-cc-expr.fth,7d7e1996d1753118181d43e1a413960d3a1ec24b,29ca0e38f19907fc4fd18286e22a0518072ad181,cc-le,colon,1601,C14,chapters/14-expressions-and-constant-evaluation.md,Immediate builder-cell arithmetic for constant evaluation; C13 explains how bo-eval differs from bo-emitter. Bounded manual examples do not establish all overflow/shift cases.,https://github.com/delta9000/seed-forth/blob/7d7e1996d1753118181d43e1a413960d3a1ec24b/100-cc-expr.fth#L1601
100-cc-expr.fth,7d7e1996d1753118181d43e1a413960d3a1ec24b,29ca0e38f19907fc4fd18286e22a0518072ad181,cc-ge,colon,1602,C14,chapters/14-expressions-and-constant-evaluation.md,Immediate builder-cell arithmetic for constant evaluation; C13 explains how bo-eval differs from bo-emitter. Bounded manual examples do not establish all overflow/shift cases.,https://github.com/delta9000/seed-forth/blob/7d7e1996d1753118181d43e1a413960d3a1ec24b/100-cc-expr.fth#L1602
100-cc-expr.fth,7d7e1996d1753118181d43e1a413960d3a1ec24b,29ca0e38f19907fc4fd18286e22a0518072ad181,cc-eq,colon,1603,C14,chapters/14-expressions-and-constant-evaluation.md,Immediate builder-cell arithmetic for constant evaluation; C13 explains how bo-eval differs from bo-emitter. Bounded manual examples do not establish all overflow/shift cases.,https://github.com/delta9000/seed-forth/blob/7d7e1996d1753118181d43e1a413960d3a1ec24b/100-cc-expr.fth#L1603
100-cc-expr.fth,7d7e1996d1753118181d43e1a413960d3a1ec24b,29ca0e38f19907fc4fd18286e22a0518072ad181,cc-ne,colon,1604,C14,chapters/14-expressions-and-constant-evaluation.md,Immediate builder-cell arithmetic for constant evaluation; C13 explains how bo-eval differs from bo-emitter. Bounded manual examples do not establish all overflow/shift cases.,https://github.com/delta9000/seed-forth/blob/7d7e1996d1753118181d43e1a413960d3a1ec24b/100-cc-expr.fth#L1604
100-cc-expr.fth,7d7e1996d1753118181d43e1a413960d3a1ec24b,29ca0e38f19907fc4fd18286e22a0518072ad181,level-mul,constant,1625,C13,chapters/13-precedence-and-short-circuit.md,"Eight precedence levels, five-cell operator records, table construction and ordinary/compound lookup columns; C14 consumes compound/evaluator entries.",https://github.com/delta9000/seed-forth/blob/7d7e1996d1753118181d43e1a413960d3a1ec24b/100-cc-expr.fth#L1625
100-cc-expr.fth,7d7e1996d1753118181d43e1a413960d3a1ec24b,29ca0e38f19907fc4fd18286e22a0518072ad181,level-add,constant,1626,C13,chapters/13-precedence-and-short-circuit.md,"Eight precedence levels, five-cell operator records, table construction and ordinary/compound lookup columns; C14 consumes compound/evaluator entries.",https://github.com/delta9000/seed-forth/blob/7d7e1996d1753118181d43e1a413960d3a1ec24b/100-cc-expr.fth#L1626
100-cc-expr.fth,7d7e1996d1753118181d43e1a413960d3a1ec24b,29ca0e38f19907fc4fd18286e22a0518072ad181,level-shift,constant,1627,C13,chapters/13-precedence-and-short-circuit.md,"Eight precedence levels, five-cell operator records, table construction and ordinary/compound lookup columns; C14 consumes compound/evaluator entries.",https://github.com/delta9000/seed-forth/blob/7d7e1996d1753118181d43e1a413960d3a1ec24b/100-cc-expr.fth#L1627
100-cc-expr.fth,7d7e1996d1753118181d43e1a413960d3a1ec24b,29ca0e38f19907fc4fd18286e22a0518072ad181,level-rel,constant,1628,C13,chapters/13-precedence-and-short-circuit.md,"Eight precedence levels, five-cell operator records, table construction and ordinary/compound lookup columns; C14 consumes compound/evaluator entries.",https://github.com/delta9000/seed-forth/blob/7d7e1996d1753118181d43e1a413960d3a1ec24b/100-cc-expr.fth#L1628
100-cc-expr.fth,7d7e1996d1753118181d43e1a413960d3a1ec24b,29ca0e38f19907fc4fd18286e22a0518072ad181,level-eq,constant,1629,C13,chapters/13-precedence-and-short-circuit.md,"Eight precedence levels, five-cell operator records, table construction and ordinary/compound lookup columns; C14 consumes compound/evaluator entries.",https://github.com/delta9000/seed-forth/blob/7d7e1996d1753118181d43e1a413960d3a1ec24b/100-cc-expr.fth#L1629
100-cc-expr.fth,7d7e1996d1753118181d43e1a413960d3a1ec24b,29ca0e38f19907fc4fd18286e22a0518072ad181,level-bit-and,constant,1630,C13,chapters/13-precedence-and-short-circuit.md,"Eight precedence levels, five-cell operator records, table construction and ordinary/compound lookup columns; C14 consumes compound/evaluator entries.",https://github.com/delta9000/seed-forth/blob/7d7e1996d1753118181d43e1a413960d3a1ec24b/100-cc-expr.fth#L1630
100-cc-expr.fth,7d7e1996d1753118181d43e1a413960d3a1ec24b,29ca0e38f19907fc4fd18286e22a0518072ad181,level-bit-xor,constant,1631,C13,chapters/13-precedence-and-short-circuit.md,"Eight precedence levels, five-cell operator records, table construction and ordinary/compound lookup columns; C14 consumes compound/evaluator entries.",https://github.com/delta9000/seed-forth/blob/7d7e1996d1753118181d43e1a413960d3a1ec24b/100-cc-expr.fth#L1631
100-cc-expr.fth,7d7e1996d1753118181d43e1a413960d3a1ec24b,29ca0e38f19907fc4fd18286e22a0518072ad181,level-bit-or,constant,1632,C13,chapters/13-precedence-and-short-circuit.md,"Eight precedence levels, five-cell operator records, table construction and ordinary/compound lookup columns; C14 consumes compound/evaluator entries.",https://github.com/delta9000/seed-forth/blob/7d7e1996d1753118181d43e1a413960d3a1ec24b/100-cc-expr.fth#L1632
100-cc-expr.fth,7d7e1996d1753118181d43e1a413960d3a1ec24b,29ca0e38f19907fc4fd18286e22a0518072ad181,bo-op,constant,1634,C13,chapters/13-precedence-and-short-circuit.md,"Eight precedence levels, five-cell operator records, table construction and ordinary/compound lookup columns; C14 consumes compound/evaluator entries.",https://github.com/delta9000/seed-forth/blob/7d7e1996d1753118181d43e1a413960d3a1ec24b/100-cc-expr.fth#L1634
100-cc-expr.fth,7d7e1996d1753118181d43e1a413960d3a1ec24b,29ca0e38f19907fc4fd18286e22a0518072ad181,bo-compound,constant,1635,C13,chapters/13-precedence-and-short-circuit.md,"Eight precedence levels, five-cell operator records, table construction and ordinary/compound lookup columns; C14 consumes compound/evaluator entries.",https://github.com/delta9000/seed-forth/blob/7d7e1996d1753118181d43e1a413960d3a1ec24b/100-cc-expr.fth#L1635
100-cc-expr.fth,7d7e1996d1753118181d43e1a413960d3a1ec24b,29ca0e38f19907fc4fd18286e22a0518072ad181,bo-level,constant,1636,C13,chapters/13-precedence-and-short-circuit.md,"Eight precedence levels, five-cell operator records, table construction and ordinary/compound lookup columns; C14 consumes compound/evaluator entries.",https://github.com/delta9000/seed-forth/blob/7d7e1996d1753118181d43e1a413960d3a1ec24b/100-cc-expr.fth#L1636
100-cc-expr.fth,7d7e1996d1753118181d43e1a413960d3a1ec24b,29ca0e38f19907fc4fd18286e22a0518072ad181,bo-emitter,constant,1637,C13,chapters/13-precedence-and-short-circuit.md,"Eight precedence levels, five-cell operator records, table construction and ordinary/compound lookup columns; C14 consumes compound/evaluator entries.",https://github.com/delta9000/seed-forth/blob/7d7e1996d1753118181d43e1a413960d3a1ec24b/100-cc-expr.fth#L1637
100-cc-expr.fth,7d7e1996d1753118181d43e1a413960d3a1ec24b,29ca0e38f19907fc4fd18286e22a0518072ad181,bo-eval,constant,1638,C13,chapters/13-precedence-and-short-circuit.md,"Eight precedence levels, five-cell operator records, table construction and ordinary/compound lookup columns; C14 consumes compound/evaluator entries.",https://github.com/delta9000/seed-forth/blob/7d7e1996d1753118181d43e1a413960d3a1ec24b/100-cc-expr.fth#L1638
100-cc-expr.fth,7d7e1996d1753118181d43e1a413960d3a1ec24b,29ca0e38f19907fc4fd18286e22a0518072ad181,bo-size,constant,1639,C13,chapters/13-precedence-and-short-circuit.md,"Eight precedence levels, five-cell operator records, table construction and ordinary/compound lookup columns; C14 consumes compound/evaluator entries.",https://github.com/delta9000/seed-forth/blob/7d7e1996d1753118181d43e1a413960d3a1ec24b/100-cc-expr.fth#L1639
100-cc-expr.fth,7d7e1996d1753118181d43e1a413960d3a1ec24b,29ca0e38f19907fc4fd18286e22a0518072ad181,"cc-binop,",colon,1643,C13,chapters/13-precedence-and-short-circuit.md,"Eight precedence levels, five-cell operator records, table construction and ordinary/compound lookup columns; C14 consumes compound/evaluator entries.",https://github.com/delta9000/seed-forth/blob/7d7e1996d1753118181d43e1a413960d3a1ec24b/100-cc-expr.fth#L1643
100-cc-expr.fth,7d7e1996d1753118181d43e1a413960d3a1ec24b,29ca0e38f19907fc4fd18286e22a0518072ad181,cc-binops,create,1645,C13,chapters/13-precedence-and-short-circuit.md,"Eight precedence levels, five-cell operator records, table construction and ordinary/compound lookup columns; C14 consumes compound/evaluator entries.",https://github.com/delta9000/seed-forth/blob/7d7e1996d1753118181d43e1a413960d3a1ec24b/100-cc-expr.fth#L1645
100-cc-expr.fth,7d7e1996d1753118181d43e1a413960d3a1ec24b,29ca0e38f19907fc4fd18286e22a0518072ad181,cc-binop-row,colon,1667,C13,chapters/13-precedence-and-short-circuit.md,"Eight precedence levels, five-cell operator records, table construction and ordinary/compound lookup columns; C14 consumes compound/evaluator entries.",https://github.com/delta9000/seed-forth/blob/7d7e1996d1753118181d43e1a413960d3a1ec24b/100-cc-expr.fth#L1667
100-cc-expr.fth,7d7e1996d1753118181d43e1a413960d3a1ec24b,29ca0e38f19907fc4fd18286e22a0518072ad181,cc-binop?,colon,1682,C13,chapters/13-precedence-and-short-circuit.md,"Eight precedence levels, five-cell operator records, table construction and ordinary/compound lookup columns; C14 consumes compound/evaluator entries.",https://github.com/delta9000/seed-forth/blob/7d7e1996d1753118181d43e1a413960d3a1ec24b/100-cc-expr.fth#L1682
100-cc-expr.fth,7d7e1996d1753118181d43e1a413960d3a1ec24b,29ca0e38f19907fc4fd18286e22a0518072ad181,cc-expr-left-qualified,variable,1698,C13,chapters/13-precedence-and-short-circuit.md,"After-recursion operand scratch, promotions/common type, descriptor/row selection and pointer steps; C14 reuses these helpers for assignments and conditional joins.",https://github.com/delta9000/seed-forth/blob/7d7e1996d1753118181d43e1a413960d3a1ec24b/100-cc-expr.fth#L1698
100-cc-expr.fth,7d7e1996d1753118181d43e1a413960d3a1ec24b,29ca0e38f19907fc4fd18286e22a0518072ad181,cc-expr-right-qualified,variable,1699,C13,chapters/13-precedence-and-short-circuit.md,"After-recursion operand scratch, promotions/common type, descriptor/row selection and pointer steps; C14 reuses these helpers for assignments and conditional joins.",https://github.com/delta9000/seed-forth/blob/7d7e1996d1753118181d43e1a413960d3a1ec24b/100-cc-expr.fth#L1699
100-cc-expr.fth,7d7e1996d1753118181d43e1a413960d3a1ec24b,29ca0e38f19907fc4fd18286e22a0518072ad181,cc-expr-left-type,variable,1700,C13,chapters/13-precedence-and-short-circuit.md,"After-recursion operand scratch, promotions/common type, descriptor/row selection and pointer steps; C14 reuses these helpers for assignments and conditional joins.",https://github.com/delta9000/seed-forth/blob/7d7e1996d1753118181d43e1a413960d3a1ec24b/100-cc-expr.fth#L1700
100-cc-expr.fth,7d7e1996d1753118181d43e1a413960d3a1ec24b,29ca0e38f19907fc4fd18286e22a0518072ad181,cc-expr-left-desc,variable,1701,C13,chapters/13-precedence-and-short-circuit.md,"After-recursion operand scratch, promotions/common type, descriptor/row selection and pointer steps; C14 reuses these helpers for assignments and conditional joins.",https://github.com/delta9000/seed-forth/blob/7d7e1996d1753118181d43e1a413960d3a1ec24b/100-cc-expr.fth#L1701
100-cc-expr.fth,7d7e1996d1753118181d43e1a413960d3a1ec24b,29ca0e38f19907fc4fd18286e22a0518072ad181,cc-expr-right-type,variable,1702,C13,chapters/13-precedence-and-short-circuit.md,"After-recursion operand scratch, promotions/common type, descriptor/row selection and pointer steps; C14 reuses these helpers for assignments and conditional joins.",https://github.com/delta9000/seed-forth/blob/7d7e1996d1753118181d43e1a413960d3a1ec24b/100-cc-expr.fth#L1702
100-cc-expr.fth,7d7e1996d1753118181d43e1a413960d3a1ec24b,29ca0e38f19907fc4fd18286e22a0518072ad181,cc-expr-right-desc,variable,1703,C13,chapters/13-precedence-and-short-circuit.md,"After-recursion operand scratch, promotions/common type, descriptor/row selection and pointer steps; C14 reuses these helpers for assignments and conditional joins.",https://github.com/delta9000/seed-forth/blob/7d7e1996d1753118181d43e1a413960d3a1ec24b/100-cc-expr.fth#L1703
100-cc-expr.fth,7d7e1996d1753118181d43e1a413960d3a1ec24b,29ca0e38f19907fc4fd18286e22a0518072ad181,cc-expr-left-inner,variable,1704,C13,chapters/13-precedence-and-short-circuit.md,"After-recursion operand scratch, promotions/common type, descriptor/row selection and pointer steps; C14 reuses these helpers for assignments and conditional joins.",https://github.com/delta9000/seed-forth/blob/7d7e1996d1753118181d43e1a413960d3a1ec24b/100-cc-expr.fth#L1704
100-cc-expr.fth,7d7e1996d1753118181d43e1a413960d3a1ec24b,29ca0e38f19907fc4fd18286e22a0518072ad181,cc-expr-left-null,variable,1705,C13,chapters/13-precedence-and-short-circuit.md,"After-recursion operand scratch, promotions/common type, descriptor/row selection and pointer steps; C14 reuses these helpers for assignments and conditional joins.",https://github.com/delta9000/seed-forth/blob/7d7e1996d1753118181d43e1a413960d3a1ec24b/100-cc-expr.fth#L1705
100-cc-expr.fth,7d7e1996d1753118181d43e1a413960d3a1ec24b,29ca0e38f19907fc4fd18286e22a0518072ad181,cc-expr-right-null,variable,1706,C13,chapters/13-precedence-and-short-circuit.md,"After-recursion operand scratch, promotions/common type, descriptor/row selection and pointer steps; C14 reuses these helpers for assignments and conditional joins.",https://github.com/delta9000/seed-forth/blob/7d7e1996d1753118181d43e1a413960d3a1ec24b/100-cc-expr.fth#L1706
100-cc-expr.fth,7d7e1996d1753118181d43e1a413960d3a1ec24b,29ca0e38f19907fc4fd18286e22a0518072ad181,cc-expr-right-inner,variable,1707,C13,chapters/13-precedence-and-short-circuit.md,"After-recursion operand scratch, promotions/common type, descriptor/row selection and pointer steps; C14 reuses these helpers for assignments and conditional joins.",https://github.com/delta9000/seed-forth/blob/7d7e1996d1753118181d43e1a413960d3a1ec24b/100-cc-expr.fth#L1707
100-cc-expr.fth,7d7e1996d1753118181d43e1a413960d3a1ec24b,29ca0e38f19907fc4fd18286e22a0518072ad181,cc-expr-common,variable,1708,C13,chapters/13-precedence-and-short-circuit.md,"After-recursion operand scratch, promotions/common type, descriptor/row selection and pointer steps; C14 reuses these helpers for assignments and conditional joins.",https://github.com/delta9000/seed-forth/blob/7d7e1996d1753118181d43e1a413960d3a1ec24b/100-cc-expr.fth#L1708
100-cc-expr.fth,7d7e1996d1753118181d43e1a413960d3a1ec24b,29ca0e38f19907fc4fd18286e22a0518072ad181,cc-expr-op-row,variable,1709,C13,chapters/13-precedence-and-short-circuit.md,"After-recursion operand scratch, promotions/common type, descriptor/row selection and pointer steps; C14 reuses these helpers for assignments and conditional joins.",https://github.com/delta9000/seed-forth/blob/7d7e1996d1753118181d43e1a413960d3a1ec24b/100-cc-expr.fth#L1709
100-cc-expr.fth,7d7e1996d1753118181d43e1a413960d3a1ec24b,29ca0e38f19907fc4fd18286e22a0518072ad181,cc-expr-promote,colon,1711,C13,chapters/13-precedence-and-short-circuit.md,"After-recursion operand scratch, promotions/common type, descriptor/row selection and pointer steps; C14 reuses these helpers for assignments and conditional joins.",https://github.com/delta9000/seed-forth/blob/7d7e1996d1753118181d43e1a413960d3a1ec24b/100-cc-expr.fth#L1711
100-cc-expr.fth,7d7e1996d1753118181d43e1a413960d3a1ec24b,29ca0e38f19907fc4fd18286e22a0518072ad181,cc-expr-long-long-common,colon,1718,C13,chapters/13-precedence-and-short-circuit.md,"After-recursion operand scratch, promotions/common type, descriptor/row selection and pointer steps; C14 reuses these helpers for assignments and conditional joins.",https://github.com/delta9000/seed-forth/blob/7d7e1996d1753118181d43e1a413960d3a1ec24b/100-cc-expr.fth#L1718
100-cc-expr.fth,7d7e1996d1753118181d43e1a413960d3a1ec24b,29ca0e38f19907fc4fd18286e22a0518072ad181,cc-expr-common-type-default,colon,1722,C13,chapters/13-precedence-and-short-circuit.md,"After-recursion operand scratch, promotions/common type, descriptor/row selection and pointer steps; C14 reuses these helpers for assignments and conditional joins.",https://github.com/delta9000/seed-forth/blob/7d7e1996d1753118181d43e1a413960d3a1ec24b/100-cc-expr.fth#L1722
100-cc-expr.fth,7d7e1996d1753118181d43e1a413960d3a1ec24b,29ca0e38f19907fc4fd18286e22a0518072ad181,cc-expr-common-type,defer,1733,C13,chapters/13-precedence-and-short-circuit.md,"After-recursion operand scratch, promotions/common type, descriptor/row selection and pointer steps; C14 reuses these helpers for assignments and conditional joins.",https://github.com/delta9000/seed-forth/blob/7d7e1996d1753118181d43e1a413960d3a1ec24b/100-cc-expr.fth#L1733
100-cc-expr.fth,7d7e1996d1753118181d43e1a413960d3a1ec24b,29ca0e38f19907fc4fd18286e22a0518072ad181,cc-expr-save-types,colon,1736,C13,chapters/13-precedence-and-short-circuit.md,"After-recursion operand scratch, promotions/common type, descriptor/row selection and pointer steps; C14 reuses these helpers for assignments and conditional joins.",https://github.com/delta9000/seed-forth/blob/7d7e1996d1753118181d43e1a413960d3a1ec24b/100-cc-expr.fth#L1736
100-cc-expr.fth,7d7e1996d1753118181d43e1a413960d3a1ec24b,29ca0e38f19907fc4fd18286e22a0518072ad181,cc-expr-save-native-types,colon,1741,C13,chapters/13-precedence-and-short-circuit.md,"After-recursion operand scratch, promotions/common type, descriptor/row selection and pointer steps; C14 reuses these helpers for assignments and conditional joins.",https://github.com/delta9000/seed-forth/blob/7d7e1996d1753118181d43e1a413960d3a1ec24b/100-cc-expr.fth#L1741
100-cc-expr.fth,7d7e1996d1753118181d43e1a413960d3a1ec24b,29ca0e38f19907fc4fd18286e22a0518072ad181,cc-expr-common-inner,colon,1749,C13,chapters/13-precedence-and-short-circuit.md,"After-recursion operand scratch, promotions/common type, descriptor/row selection and pointer steps; C14 reuses these helpers for assignments and conditional joins.",https://github.com/delta9000/seed-forth/blob/7d7e1996d1753118181d43e1a413960d3a1ec24b/100-cc-expr.fth#L1749
100-cc-expr.fth,7d7e1996d1753118181d43e1a413960d3a1ec24b,29ca0e38f19907fc4fd18286e22a0518072ad181,cc-expr-left-step,colon,1756,C13,chapters/13-precedence-and-short-circuit.md,"After-recursion operand scratch, promotions/common type, descriptor/row selection and pointer steps; C14 reuses these helpers for assignments and conditional joins.",https://github.com/delta9000/seed-forth/blob/7d7e1996d1753118181d43e1a413960d3a1ec24b/100-cc-expr.fth#L1756
100-cc-expr.fth,7d7e1996d1753118181d43e1a413960d3a1ec24b,29ca0e38f19907fc4fd18286e22a0518072ad181,cc-expr-right-step,colon,1759,C13,chapters/13-precedence-and-short-circuit.md,"After-recursion operand scratch, promotions/common type, descriptor/row selection and pointer steps; C14 reuses these helpers for assignments and conditional joins.",https://github.com/delta9000/seed-forth/blob/7d7e1996d1753118181d43e1a413960d3a1ec24b/100-cc-expr.fth#L1759
100-cc-expr.fth,7d7e1996d1753118181d43e1a413960d3a1ec24b,29ca0e38f19907fc4fd18286e22a0518072ad181,cc-expr-common-desc,colon,1763,C13,chapters/13-precedence-and-short-circuit.md,"After-recursion operand scratch, promotions/common type, descriptor/row selection and pointer steps; C14 reuses these helpers for assignments and conditional joins.",https://github.com/delta9000/seed-forth/blob/7d7e1996d1753118181d43e1a413960d3a1ec24b/100-cc-expr.fth#L1763
100-cc-expr.fth,7d7e1996d1753118181d43e1a413960d3a1ec24b,29ca0e38f19907fc4fd18286e22a0518072ad181,cc-native-binop-emit-default,colon,1770,C13,chapters/13-precedence-and-short-circuit.md,Unsigned alternate emitter selection from the completed common-type/operator state; C14 reuses it for compounds. Floating/aggregate provider policy is planned for G10/G15.,https://github.com/delta9000/seed-forth/blob/7d7e1996d1753118181d43e1a413960d3a1ec24b/100-cc-expr.fth#L1770
100-cc-expr.fth,7d7e1996d1753118181d43e1a413960d3a1ec24b,29ca0e38f19907fc4fd18286e22a0518072ad181,cc-native-binop-emit,defer,1784,C13,chapters/13-precedence-and-short-circuit.md,Unsigned alternate emitter selection from the completed common-type/operator state; C14 reuses it for compounds. Floating/aggregate provider policy is planned for G10/G15.,https://github.com/delta9000/seed-forth/blob/7d7e1996d1753118181d43e1a413960d3a1ec24b/100-cc-expr.fth#L1784
100-cc-expr.fth,7d7e1996d1753118181d43e1a413960d3a1ec24b,29ca0e38f19907fc4fd18286e22a0518072ad181,cc-array-binop-default,colon,1787,C13,chapters/13-precedence-and-short-circuit.md,No-op array binary policy default and typed binary caller; richer ranked-pointer policy is a planned G03 continuation.,https://github.com/delta9000/seed-forth/blob/7d7e1996d1753118181d43e1a413960d3a1ec24b/100-cc-expr.fth#L1787
100-cc-expr.fth,7d7e1996d1753118181d43e1a413960d3a1ec24b,29ca0e38f19907fc4fd18286e22a0518072ad181,cc-array-binop-fwd,defer,1788,C13,chapters/13-precedence-and-short-circuit.md,No-op array binary policy default and typed binary caller; richer ranked-pointer policy is a planned G03 continuation.,https://github.com/delta9000/seed-forth/blob/7d7e1996d1753118181d43e1a413960d3a1ec24b/100-cc-expr.fth#L1788
100-cc-expr.fth,7d7e1996d1753118181d43e1a413960d3a1ec24b,29ca0e38f19907fc4fd18286e22a0518072ad181,cc-array-compound-default,colon,1790,C14,chapters/14-expressions-and-constant-evaluation.md,No-op array compound policy default and native assignment caller; C13 catalogs the shared scratch contract. Richer ranked-array policy is planned for G03.,https://github.com/delta9000/seed-forth/blob/7d7e1996d1753118181d43e1a413960d3a1ec24b/100-cc-expr.fth#L1790
100-cc-expr.fth,7d7e1996d1753118181d43e1a413960d3a1ec24b,29ca0e38f19907fc4fd18286e22a0518072ad181,cc-array-compound-fwd,defer,1791,C14,chapters/14-expressions-and-constant-evaluation.md,No-op array compound policy default and native assignment caller; C13 catalogs the shared scratch contract. Richer ranked-array policy is planned for G03.,https://github.com/delta9000/seed-forth/blob/7d7e1996d1753118181d43e1a413960d3a1ec24b/100-cc-expr.fth#L1791
100-cc-expr.fth,7d7e1996d1753118181d43e1a413960d3a1ec24b,29ca0e38f19907fc4fd18286e22a0518072ad181,cc-array-ternary-default,colon,1793,C14,chapters/14-expressions-and-constant-evaluation.md,No-op array conditional policy default and complete native join; C13 establishes the branch skeleton. Richer ranked-array policy is planned for G03.,https://github.com/delta9000/seed-forth/blob/7d7e1996d1753118181d43e1a413960d3a1ec24b/100-cc-expr.fth#L1793
100-cc-expr.fth,7d7e1996d1753118181d43e1a413960d3a1ec24b,29ca0e38f19907fc4fd18286e22a0518072ad181,cc-array-ternary-fwd,defer,1794,C14,chapters/14-expressions-and-constant-evaluation.md,No-op array conditional policy default and complete native join; C13 establishes the branch skeleton. Richer ranked-array policy is planned for G03.,https://github.com/delta9000/seed-forth/blob/7d7e1996d1753118181d43e1a413960d3a1ec24b/100-cc-expr.fth#L1794
100-cc-expr.fth,7d7e1996d1753118181d43e1a413960d3a1ec24b,29ca0e38f19907fc4fd18286e22a0518072ad181,cc-native-binop-apply,colon,1796,C13,chapters/13-precedence-and-short-circuit.md,"Native binary application: preserve both types, scale the correct operand, convert, emit and publish; C14 reuses arithmetic contracts for assignment.",https://github.com/delta9000/seed-forth/blob/7d7e1996d1753118181d43e1a413960d3a1ec24b/100-cc-expr.fth#L1796
100-cc-expr.fth,7d7e1996d1753118181d43e1a413960d3a1ec24b,29ca0e38f19907fc4fd18286e22a0518072ad181,cc-binop-apply,colon,1843,C13,chapters/13-precedence-and-short-circuit.md,"Default binary fold: materialize RHS, put right in RCX, recover left in RDI, emit the table operation and publish a value.",https://github.com/delta9000/seed-forth/blob/7d7e1996d1753118181d43e1a413960d3a1ec24b/100-cc-expr.fth#L1843
100-cc-expr.fth,7d7e1996d1753118181d43e1a413960d3a1ec24b,29ca0e38f19907fc4fd18286e22a0518072ad181,cc-parse-mul,colon,1854,C13,chapters/13-precedence-and-short-circuit.md,"Eight recursive-descent binary layers: tighter child plus iterative same-level folding, row/metadata/value staging and token hand-back; C14 supplies unary and outer assignment entries.",https://github.com/delta9000/seed-forth/blob/7d7e1996d1753118181d43e1a413960d3a1ec24b/100-cc-expr.fth#L1854
100-cc-expr.fth,7d7e1996d1753118181d43e1a413960d3a1ec24b,29ca0e38f19907fc4fd18286e22a0518072ad181,cc-parse-add,colon,1876,C13,chapters/13-precedence-and-short-circuit.md,"Eight recursive-descent binary layers: tighter child plus iterative same-level folding, row/metadata/value staging and token hand-back; C14 supplies unary and outer assignment entries.",https://github.com/delta9000/seed-forth/blob/7d7e1996d1753118181d43e1a413960d3a1ec24b/100-cc-expr.fth#L1876
100-cc-expr.fth,7d7e1996d1753118181d43e1a413960d3a1ec24b,29ca0e38f19907fc4fd18286e22a0518072ad181,cc-parse-shift,colon,1900,C13,chapters/13-precedence-and-short-circuit.md,"Eight recursive-descent binary layers: tighter child plus iterative same-level folding, row/metadata/value staging and token hand-back; C14 supplies unary and outer assignment entries.",https://github.com/delta9000/seed-forth/blob/7d7e1996d1753118181d43e1a413960d3a1ec24b/100-cc-expr.fth#L1900
100-cc-expr.fth,7d7e1996d1753118181d43e1a413960d3a1ec24b,29ca0e38f19907fc4fd18286e22a0518072ad181,cc-parse-rel,colon,1922,C13,chapters/13-precedence-and-short-circuit.md,"Eight recursive-descent binary layers: tighter child plus iterative same-level folding, row/metadata/value staging and token hand-back; C14 supplies unary and outer assignment entries.",https://github.com/delta9000/seed-forth/blob/7d7e1996d1753118181d43e1a413960d3a1ec24b/100-cc-expr.fth#L1922
100-cc-expr.fth,7d7e1996d1753118181d43e1a413960d3a1ec24b,29ca0e38f19907fc4fd18286e22a0518072ad181,cc-parse-eq,colon,1944,C13,chapters/13-precedence-and-short-circuit.md,"Eight recursive-descent binary layers: tighter child plus iterative same-level folding, row/metadata/value staging and token hand-back; C14 supplies unary and outer assignment entries.",https://github.com/delta9000/seed-forth/blob/7d7e1996d1753118181d43e1a413960d3a1ec24b/100-cc-expr.fth#L1944
100-cc-expr.fth,7d7e1996d1753118181d43e1a413960d3a1ec24b,29ca0e38f19907fc4fd18286e22a0518072ad181,cc-parse-bit-and,colon,1968,C13,chapters/13-precedence-and-short-circuit.md,"Eight recursive-descent binary layers: tighter child plus iterative same-level folding, row/metadata/value staging and token hand-back; C14 supplies unary and outer assignment entries.",https://github.com/delta9000/seed-forth/blob/7d7e1996d1753118181d43e1a413960d3a1ec24b/100-cc-expr.fth#L1968
100-cc-expr.fth,7d7e1996d1753118181d43e1a413960d3a1ec24b,29ca0e38f19907fc4fd18286e22a0518072ad181,cc-parse-bit-xor,colon,1990,C13,chapters/13-precedence-and-short-circuit.md,"Eight recursive-descent binary layers: tighter child plus iterative same-level folding, row/metadata/value staging and token hand-back; C14 supplies unary and outer assignment entries.",https://github.com/delta9000/seed-forth/blob/7d7e1996d1753118181d43e1a413960d3a1ec24b/100-cc-expr.fth#L1990
100-cc-expr.fth,7d7e1996d1753118181d43e1a413960d3a1ec24b,29ca0e38f19907fc4fd18286e22a0518072ad181,cc-parse-bit-or,colon,2012,C13,chapters/13-precedence-and-short-circuit.md,"Eight recursive-descent binary layers: tighter child plus iterative same-level folding, row/metadata/value staging and token hand-back; C14 supplies unary and outer assignment entries.",https://github.com/delta9000/seed-forth/blob/7d7e1996d1753118181d43e1a413960d3a1ec24b/100-cc-expr.fth#L2012
100-cc-expr.fth,7d7e1996d1753118181d43e1a413960d3a1ec24b,29ca0e38f19907fc4fd18286e22a0518072ad181,cc-parse-log-and,colon,2054,C13,chapters/13-precedence-and-short-circuit.md,"Logical short-circuit generation with three owned fixups, both source operands parsed and runtime result normalized; C14 contrasts immediate dead-arm suppression.",https://github.com/delta9000/seed-forth/blob/7d7e1996d1753118181d43e1a413960d3a1ec24b/100-cc-expr.fth#L2054
100-cc-expr.fth,7d7e1996d1753118181d43e1a413960d3a1ec24b,29ca0e38f19907fc4fd18286e22a0518072ad181,cc-parse-log-or,colon,2080,C13,chapters/13-precedence-and-short-circuit.md,"Logical short-circuit generation with three owned fixups, both source operands parsed and runtime result normalized; C14 contrasts immediate dead-arm suppression.",https://github.com/delta9000/seed-forth/blob/7d7e1996d1753118181d43e1a413960d3a1ec24b/100-cc-expr.fth#L2080
100-cc-expr.fth,7d7e1996d1753118181d43e1a413960d3a1ec24b,29ca0e38f19907fc4fd18286e22a0518072ad181,cc-parse-ternary,colon,2123,C14,chapters/14-expressions-and-constant-evaluation.md,"Complete conditional arm grammar, preserved true-arm facts and native conversion join; C13 owns the introductory two-branch skeleton. Aggregate conditional transport is planned for G15.",https://github.com/delta9000/seed-forth/blob/7d7e1996d1753118181d43e1a413960d3a1ec24b/100-cc-expr.fth#L2123
100-cc-expr.fth,7d7e1996d1753118181d43e1a413960d3a1ec24b,29ca0e38f19907fc4fd18286e22a0518072ad181,cc-assign-op?,colon,2195,C14,chapters/14-expressions-and-constant-evaluation.md,"Assignment-operator lookup, byte/qword load selection and compound arithmetic dispatch; C13 supplies the shared operator table.",https://github.com/delta9000/seed-forth/blob/7d7e1996d1753118181d43e1a413960d3a1ec24b/100-cc-expr.fth#L2195
100-cc-expr.fth,7d7e1996d1753118181d43e1a413960d3a1ec24b,29ca0e38f19907fc4fd18286e22a0518072ad181,cc-emit-load-via-rdi-or-byte,colon,2205,C14,chapters/14-expressions-and-constant-evaluation.md,"Assignment-operator lookup, byte/qword load selection and compound arithmetic dispatch; C13 supplies the shared operator table.",https://github.com/delta9000/seed-forth/blob/7d7e1996d1753118181d43e1a413960d3a1ec24b/100-cc-expr.fth#L2205
100-cc-expr.fth,7d7e1996d1753118181d43e1a413960d3a1ec24b,29ca0e38f19907fc4fd18286e22a0518072ad181,cc-apply-compound-op,colon,2211,C14,chapters/14-expressions-and-constant-evaluation.md,"Assignment-operator lookup, byte/qword load selection and compound arithmetic dispatch; C13 supplies the shared operator table.",https://github.com/delta9000/seed-forth/blob/7d7e1996d1753118181d43e1a413960d3a1ec24b/100-cc-expr.fth#L2211
100-cc-expr.fth,7d7e1996d1753118181d43e1a413960d3a1ec24b,29ca0e38f19907fc4fd18286e22a0518072ad181,cc-assign-qualified,variable,2218,C14,chapters/14-expressions-and-constant-evaluation.md,"Native assignment snapshots, scalar shape/conversion/store, compound arithmetic and current-file aggregate copy; richer record/temporary policies are planned for G15.",https://github.com/delta9000/seed-forth/blob/7d7e1996d1753118181d43e1a413960d3a1ec24b/100-cc-expr.fth#L2218
100-cc-expr.fth,7d7e1996d1753118181d43e1a413960d3a1ec24b,29ca0e38f19907fc4fd18286e22a0518072ad181,cc-assign-type,variable,2219,C14,chapters/14-expressions-and-constant-evaluation.md,"Native assignment snapshots, scalar shape/conversion/store, compound arithmetic and current-file aggregate copy; richer record/temporary policies are planned for G15.",https://github.com/delta9000/seed-forth/blob/7d7e1996d1753118181d43e1a413960d3a1ec24b/100-cc-expr.fth#L2219
100-cc-expr.fth,7d7e1996d1753118181d43e1a413960d3a1ec24b,29ca0e38f19907fc4fd18286e22a0518072ad181,cc-assign-desc,variable,2220,C14,chapters/14-expressions-and-constant-evaluation.md,"Native assignment snapshots, scalar shape/conversion/store, compound arithmetic and current-file aggregate copy; richer record/temporary policies are planned for G15.",https://github.com/delta9000/seed-forth/blob/7d7e1996d1753118181d43e1a413960d3a1ec24b/100-cc-expr.fth#L2220
100-cc-expr.fth,7d7e1996d1753118181d43e1a413960d3a1ec24b,29ca0e38f19907fc4fd18286e22a0518072ad181,cc-assign-op,variable,2221,C14,chapters/14-expressions-and-constant-evaluation.md,"Native assignment snapshots, scalar shape/conversion/store, compound arithmetic and current-file aggregate copy; richer record/temporary policies are planned for G15.",https://github.com/delta9000/seed-forth/blob/7d7e1996d1753118181d43e1a413960d3a1ec24b/100-cc-expr.fth#L2221
100-cc-expr.fth,7d7e1996d1753118181d43e1a413960d3a1ec24b,29ca0e38f19907fc4fd18286e22a0518072ad181,cc-assign-field,variable,2222,C14,chapters/14-expressions-and-constant-evaluation.md,"Native assignment snapshots, scalar shape/conversion/store, compound arithmetic and current-file aggregate copy; richer record/temporary policies are planned for G15.",https://github.com/delta9000/seed-forth/blob/7d7e1996d1753118181d43e1a413960d3a1ec24b/100-cc-expr.fth#L2222
100-cc-expr.fth,7d7e1996d1753118181d43e1a413960d3a1ec24b,29ca0e38f19907fc4fd18286e22a0518072ad181,cc-aggregate-assignment-default,colon,2224,C14,chapters/14-expressions-and-constant-evaluation.md,"Native assignment snapshots, scalar shape/conversion/store, compound arithmetic and current-file aggregate copy; richer record/temporary policies are planned for G15.",https://github.com/delta9000/seed-forth/blob/7d7e1996d1753118181d43e1a413960d3a1ec24b/100-cc-expr.fth#L2224
100-cc-expr.fth,7d7e1996d1753118181d43e1a413960d3a1ec24b,29ca0e38f19907fc4fd18286e22a0518072ad181,cc-aggregate-assignment-fwd,defer,2225,C14,chapters/14-expressions-and-constant-evaluation.md,"Native assignment snapshots, scalar shape/conversion/store, compound arithmetic and current-file aggregate copy; richer record/temporary policies are planned for G15.",https://github.com/delta9000/seed-forth/blob/7d7e1996d1753118181d43e1a413960d3a1ec24b/100-cc-expr.fth#L2225
100-cc-expr.fth,7d7e1996d1753118181d43e1a413960d3a1ec24b,29ca0e38f19907fc4fd18286e22a0518072ad181,cc-aggregate-compound-default,colon,2228,C14,chapters/14-expressions-and-constant-evaluation.md,"Native assignment snapshots, scalar shape/conversion/store, compound arithmetic and current-file aggregate copy; richer record/temporary policies are planned for G15.",https://github.com/delta9000/seed-forth/blob/7d7e1996d1753118181d43e1a413960d3a1ec24b/100-cc-expr.fth#L2228
100-cc-expr.fth,7d7e1996d1753118181d43e1a413960d3a1ec24b,29ca0e38f19907fc4fd18286e22a0518072ad181,cc-aggregate-compound-fwd,defer,2229,C14,chapters/14-expressions-and-constant-evaluation.md,"Native assignment snapshots, scalar shape/conversion/store, compound arithmetic and current-file aggregate copy; richer record/temporary policies are planned for G15.",https://github.com/delta9000/seed-forth/blob/7d7e1996d1753118181d43e1a413960d3a1ec24b/100-cc-expr.fth#L2229
100-cc-expr.fth,7d7e1996d1753118181d43e1a413960d3a1ec24b,29ca0e38f19907fc4fd18286e22a0518072ad181,cc-parse-native-assign,colon,2234,C14,chapters/14-expressions-and-constant-evaluation.md,"Native assignment snapshots, scalar shape/conversion/store, compound arithmetic and current-file aggregate copy; richer record/temporary policies are planned for G15.",https://github.com/delta9000/seed-forth/blob/7d7e1996d1753118181d43e1a413960d3a1ec24b/100-cc-expr.fth#L2234
100-cc-expr.fth,7d7e1996d1753118181d43e1a413960d3a1ec24b,29ca0e38f19907fc4fd18286e22a0518072ad181,cc-parse-assign,colon,2300,C14,chapters/14-expressions-and-constant-evaluation.md,"Right-recursive legacy assignment, local versus pending-address destinations and plain/compound staging; C12 supplies the destination representations.",https://github.com/delta9000/seed-forth/blob/7d7e1996d1753118181d43e1a413960d3a1ec24b/100-cc-expr.fth#L2300
100-cc-expr.fth,7d7e1996d1753118181d43e1a413960d3a1ec24b,29ca0e38f19907fc4fd18286e22a0518072ad181,cc-parse-comma,colon,2404,C14,chapters/14-expressions-and-constant-evaluation.md,"LP64 comma sequencing and final public expression materialization; C12 contrasts grouping, which preserves the final operand state.",https://github.com/delta9000/seed-forth/blob/7d7e1996d1753118181d43e1a413960d3a1ec24b/100-cc-expr.fth#L2404
100-cc-expr.fth,7d7e1996d1753118181d43e1a413960d3a1ec24b,29ca0e38f19907fc4fd18286e22a0518072ad181,cc-parse-expr,colon,2417,C14,chapters/14-expressions-and-constant-evaluation.md,"LP64 comma sequencing and final public expression materialization; C12 contrasts grouping, which preserves the final operand state.",https://github.com/delta9000/seed-forth/blob/7d7e1996d1753118181d43e1a413960d3a1ec24b/100-cc-expr.fth#L2417
100-cc-expr.fth,7d7e1996d1753118181d43e1a413960d3a1ec24b,29ca0e38f19907fc4fd18286e22a0518072ad181,cc-cx-pp,variable,2434,C14,chapters/14-expressions-and-constant-evaluation.md,"Typed preprocessing evaluator: PP-and-LP64 gate, saved unsigned flags, sign-aware comparisons, arithmetic selection and dead-operation suppression; this computes builder cells.",https://github.com/delta9000/seed-forth/blob/7d7e1996d1753118181d43e1a413960d3a1ec24b/100-cc-expr.fth#L2434
100-cc-expr.fth,7d7e1996d1753118181d43e1a413960d3a1ec24b,29ca0e38f19907fc4fd18286e22a0518072ad181,cc-cx-skip,variable,2435,C14,chapters/14-expressions-and-constant-evaluation.md,"Typed preprocessing evaluator: PP-and-LP64 gate, saved unsigned flags, sign-aware comparisons, arithmetic selection and dead-operation suppression; this computes builder cells.",https://github.com/delta9000/seed-forth/blob/7d7e1996d1753118181d43e1a413960d3a1ec24b/100-cc-expr.fth#L2435
100-cc-expr.fth,7d7e1996d1753118181d43e1a413960d3a1ec24b,29ca0e38f19907fc4fd18286e22a0518072ad181,cc-cx-unsigned,variable,2436,C14,chapters/14-expressions-and-constant-evaluation.md,"Typed preprocessing evaluator: PP-and-LP64 gate, saved unsigned flags, sign-aware comparisons, arithmetic selection and dead-operation suppression; this computes builder cells.",https://github.com/delta9000/seed-forth/blob/7d7e1996d1753118181d43e1a413960d3a1ec24b/100-cc-expr.fth#L2436
100-cc-expr.fth,7d7e1996d1753118181d43e1a413960d3a1ec24b,29ca0e38f19907fc4fd18286e22a0518072ad181,cc-cx-typed?,colon,2437,C14,chapters/14-expressions-and-constant-evaluation.md,"Typed preprocessing evaluator: PP-and-LP64 gate, saved unsigned flags, sign-aware comparisons, arithmetic selection and dead-operation suppression; this computes builder cells.",https://github.com/delta9000/seed-forth/blob/7d7e1996d1753118181d43e1a413960d3a1ec24b/100-cc-expr.fth#L2437
100-cc-expr.fth,7d7e1996d1753118181d43e1a413960d3a1ec24b,29ca0e38f19907fc4fd18286e22a0518072ad181,cc-cx-lt,colon,2440,C14,chapters/14-expressions-and-constant-evaluation.md,"Typed preprocessing evaluator: PP-and-LP64 gate, saved unsigned flags, sign-aware comparisons, arithmetic selection and dead-operation suppression; this computes builder cells.",https://github.com/delta9000/seed-forth/blob/7d7e1996d1753118181d43e1a413960d3a1ec24b/100-cc-expr.fth#L2440
100-cc-expr.fth,7d7e1996d1753118181d43e1a413960d3a1ec24b,29ca0e38f19907fc4fd18286e22a0518072ad181,cc-cx-ult,colon,2442,C14,chapters/14-expressions-and-constant-evaluation.md,"Typed preprocessing evaluator: PP-and-LP64 gate, saved unsigned flags, sign-aware comparisons, arithmetic selection and dead-operation suppression; this computes builder cells.",https://github.com/delta9000/seed-forth/blob/7d7e1996d1753118181d43e1a413960d3a1ec24b/100-cc-expr.fth#L2442
100-cc-expr.fth,7d7e1996d1753118181d43e1a413960d3a1ec24b,29ca0e38f19907fc4fd18286e22a0518072ad181,cc-cx-op,variable,2448,C14,chapters/14-expressions-and-constant-evaluation.md,"Typed preprocessing evaluator: PP-and-LP64 gate, saved unsigned flags, sign-aware comparisons, arithmetic selection and dead-operation suppression; this computes builder cells.",https://github.com/delta9000/seed-forth/blob/7d7e1996d1753118181d43e1a413960d3a1ec24b/100-cc-expr.fth#L2448
100-cc-expr.fth,7d7e1996d1753118181d43e1a413960d3a1ec24b,29ca0e38f19907fc4fd18286e22a0518072ad181,cc-cx-comparison,variable,2449,C14,chapters/14-expressions-and-constant-evaluation.md,"Typed preprocessing evaluator: PP-and-LP64 gate, saved unsigned flags, sign-aware comparisons, arithmetic selection and dead-operation suppression; this computes builder cells.",https://github.com/delta9000/seed-forth/blob/7d7e1996d1753118181d43e1a413960d3a1ec24b/100-cc-expr.fth#L2449
100-cc-expr.fth,7d7e1996d1753118181d43e1a413960d3a1ec24b,29ca0e38f19907fc4fd18286e22a0518072ad181,cc-cx-eval,colon,2450,C14,chapters/14-expressions-and-constant-evaluation.md,"Typed preprocessing evaluator: PP-and-LP64 gate, saved unsigned flags, sign-aware comparisons, arithmetic selection and dead-operation suppression; this computes builder cells.",https://github.com/delta9000/seed-forth/blob/7d7e1996d1753118181d43e1a413960d3a1ec24b/100-cc-expr.fth#L2450
100-cc-expr.fth,7d7e1996d1753118181d43e1a413960d3a1ec24b,29ca0e38f19907fc4fd18286e22a0518072ad181,cc-const-unsupported,colon,2480,C14,chapters/14-expressions-and-constant-evaluation.md,Symbolic constant entry/leaf hooks initially terminate with 240; full typed/symbolic providers are planned G09/G02 continuations.,https://github.com/delta9000/seed-forth/blob/7d7e1996d1753118181d43e1a413960d3a1ec24b/100-cc-expr.fth#L2480
100-cc-expr.fth,7d7e1996d1753118181d43e1a413960d3a1ec24b,29ca0e38f19907fc4fd18286e22a0518072ad181,cc-parse-static-const-fwd,defer,2481,C14,chapters/14-expressions-and-constant-evaluation.md,Symbolic constant entry/leaf hooks initially terminate with 240; full typed/symbolic providers are planned G09/G02 continuations.,https://github.com/delta9000/seed-forth/blob/7d7e1996d1753118181d43e1a413960d3a1ec24b/100-cc-expr.fth#L2481
100-cc-expr.fth,7d7e1996d1753118181d43e1a413960d3a1ec24b,29ca0e38f19907fc4fd18286e22a0518072ad181,cc-const-ident-fwd,defer,2482,C14,chapters/14-expressions-and-constant-evaluation.md,Symbolic constant entry/leaf hooks initially terminate with 240; full typed/symbolic providers are planned G09/G02 continuations.,https://github.com/delta9000/seed-forth/blob/7d7e1996d1753118181d43e1a413960d3a1ec24b/100-cc-expr.fth#L2482
100-cc-expr.fth,7d7e1996d1753118181d43e1a413960d3a1ec24b,29ca0e38f19907fc4fd18286e22a0518072ad181,cc-const-address-fwd,defer,2483,C14,chapters/14-expressions-and-constant-evaluation.md,Symbolic constant entry/leaf hooks initially terminate with 240; full typed/symbolic providers are planned G09/G02 continuations.,https://github.com/delta9000/seed-forth/blob/7d7e1996d1753118181d43e1a413960d3a1ec24b/100-cc-expr.fth#L2483
100-cc-expr.fth,7d7e1996d1753118181d43e1a413960d3a1ec24b,29ca0e38f19907fc4fd18286e22a0518072ad181,cc-const-string-fwd,defer,2484,C14,chapters/14-expressions-and-constant-evaluation.md,Symbolic constant entry/leaf hooks initially terminate with 240; full typed/symbolic providers are planned G09/G02 continuations.,https://github.com/delta9000/seed-forth/blob/7d7e1996d1753118181d43e1a413960d3a1ec24b/100-cc-expr.fth#L2484
100-cc-expr.fth,7d7e1996d1753118181d43e1a413960d3a1ec24b,29ca0e38f19907fc4fd18286e22a0518072ad181,cc-cx-operand,colon,2492,C14,chapters/14-expressions-and-constant-evaluation.md,"Constant operands and grouping, PP remaining-identifier handling, suffix validation and syntax checks; no runtime arithmetic is emitted by this operand fold.",https://github.com/delta9000/seed-forth/blob/7d7e1996d1753118181d43e1a413960d3a1ec24b/100-cc-expr.fth#L2492
100-cc-expr.fth,7d7e1996d1753118181d43e1a413960d3a1ec24b,29ca0e38f19907fc4fd18286e22a0518072ad181,cc-cx-unary,colon,2519,C14,chapters/14-expressions-and-constant-evaluation.md,"Immediate recursive unary constant grammar, logical normalization and LP64 sizeof; distinguish its unary-plus support from legacy runtime grammar.",https://github.com/delta9000/seed-forth/blob/7d7e1996d1753118181d43e1a413960d3a1ec24b/100-cc-expr.fth#L2519
100-cc-expr.fth,7d7e1996d1753118181d43e1a413960d3a1ec24b,29ca0e38f19907fc4fd18286e22a0518072ad181,cc-cx-binary,colon,2534,C14,chapters/14-expressions-and-constant-evaluation.md,"Numeric-level constant precedence recursion, same-level iteration and saved unsignedness; the evaluator column computes now and skip suppresses only the operation.",https://github.com/delta9000/seed-forth/blob/7d7e1996d1753118181d43e1a413960d3a1ec24b/100-cc-expr.fth#L2534
100-cc-expr.fth,7d7e1996d1753118181d43e1a413960d3a1ec24b,29ca0e38f19907fc4fd18286e22a0518072ad181,cc-cx-and,colon,2554,C14,chapters/14-expressions-and-constant-evaluation.md,Constant logical AND/OR save and restore enclosing skip state while still parsing the RHS; C13 contrasts generated runtime branches.,https://github.com/delta9000/seed-forth/blob/7d7e1996d1753118181d43e1a413960d3a1ec24b/100-cc-expr.fth#L2554
100-cc-expr.fth,7d7e1996d1753118181d43e1a413960d3a1ec24b,29ca0e38f19907fc4fd18286e22a0518072ad181,cc-cx-or,colon,2567,C14,chapters/14-expressions-and-constant-evaluation.md,Constant logical AND/OR save and restore enclosing skip state while still parsing the RHS; C13 contrasts generated runtime branches.,https://github.com/delta9000/seed-forth/blob/7d7e1996d1753118181d43e1a413960d3a1ec24b/100-cc-expr.fth#L2567
100-cc-expr.fth,7d7e1996d1753118181d43e1a413960d3a1ec24b,29ca0e38f19907fc4fd18286e22a0518072ad181,cc-parse-const-default,colon,2581,C14,chapters/14-expressions-and-constant-evaluation.md,"Constant conditional selection, arm unsignedness and public deferred-parser indirection; target-specific non-PP parsing is a planned G09 continuation.",https://github.com/delta9000/seed-forth/blob/7d7e1996d1753118181d43e1a413960d3a1ec24b/100-cc-expr.fth#L2581
100-cc-expr.fth,7d7e1996d1753118181d43e1a413960d3a1ec24b,29ca0e38f19907fc4fd18286e22a0518072ad181,cc-parse-const,defer,2602,C14,chapters/14-expressions-and-constant-evaluation.md,"Constant conditional selection, arm unsignedness and public deferred-parser indirection; target-specific non-PP parsing is a planned G09 continuation.",https://github.com/delta9000/seed-forth/blob/7d7e1996d1753118181d43e1a413960d3a1ec24b/100-cc-expr.fth#L2602
100-cc-expr.fth,7d7e1996d1753118181d43e1a413960d3a1ec24b,29ca0e38f19907fc4fd18286e22a0518072ad181,cc-cx-save,create,2612,C14,chapters/14-expressions-and-constant-evaluation.md,Successful preprocessing reader restoration and evaluator/grammar closure; closes C05’s evaluator contract while retaining the exact saved-state boundary.,https://github.com/delta9000/seed-forth/blob/7d7e1996d1753118181d43e1a413960d3a1ec24b/100-cc-expr.fth#L2612
100-cc-expr.fth,7d7e1996d1753118181d43e1a413960d3a1ec24b,29ca0e38f19907fc4fd18286e22a0518072ad181,cc-pp-eval-text,colon,2614,C14,chapters/14-expressions-and-constant-evaluation.md,Successful preprocessing reader restoration and evaluator/grammar closure; closes C05’s evaluator contract while retaining the exact saved-state boundary.,https://github.com/delta9000/seed-forth/blob/7d7e1996d1753118181d43e1a413960d3a1ec24b/100-cc-expr.fth#L2614
110-cc-decl.fth,7d7e1996d1753118181d43e1a413960d3a1ec24b,779eeac5c753c141cb7e50b8454f42e666518a3b,cc-native-type-name-fwd,defer,17,C14,chapters/14-expressions-and-constant-evaluation.md,Type-name query consumed by cast/sizeof parsing and its declaration-file adapter; C15 identifies the declaration provider. Complete native declarator grammar is planned for C23/G03.,https://github.com/delta9000/seed-forth/blob/7d7e1996d1753118181d43e1a413960d3a1ec24b/110-cc-decl.fth#L17
110-cc-decl.fth,7d7e1996d1753118181d43e1a413960d3a1ec24b,779eeac5c753c141cb7e50b8454f42e666518a3b,cc-native-decl-fwd,defer,18,C15,chapters/15-declarations-and-recursive-records.md,"Native declaration/state interfaces, floating-spelling gate and slot-count frame limit; C14 uses type-query contracts. Full declarators and frame/provider context are planned for C23/G03/G04.",https://github.com/delta9000/seed-forth/blob/7d7e1996d1753118181d43e1a413960d3a1ec24b/110-cc-decl.fth#L18
110-cc-decl.fth,7d7e1996d1753118181d43e1a413960d3a1ec24b,779eeac5c753c141cb7e50b8454f42e666518a3b,cc-native-type-start-fwd,defer,19,C14,chapters/14-expressions-and-constant-evaluation.md,Current-token type-start query at the expression/type handshake; C15 also uses it to select declaration dispatch. Complete native predicate/provider context is planned for C23/G03.,https://github.com/delta9000/seed-forth/blob/7d7e1996d1753118181d43e1a413960d3a1ec24b/110-cc-decl.fth#L19
110-cc-decl.fth,7d7e1996d1753118181d43e1a413960d3a1ec24b,779eeac5c753c141cb7e50b8454f42e666518a3b,cc-native-return-type,variable,21,C15,chapters/15-declarations-and-recursive-records.md,Enclosing-function return-type handoff consumed by the current local return algorithm; complete function ownership and setup are planned for C18/C23/G04.,https://github.com/delta9000/seed-forth/blob/7d7e1996d1753118181d43e1a413960d3a1ec24b/110-cc-decl.fth#L21
110-cc-decl.fth,7d7e1996d1753118181d43e1a413960d3a1ec24b,779eeac5c753c141cb7e50b8454f42e666518a3b,cc-native-return-desc,variable,22,C15,chapters/15-declarations-and-recursive-records.md,Enclosing-function return-descriptor handoff consumed by the current local return algorithm; complete function ownership and setup are planned for C18/C23/G04.,https://github.com/delta9000/seed-forth/blob/7d7e1996d1753118181d43e1a413960d3a1ec24b/110-cc-decl.fth#L22
110-cc-decl.fth,7d7e1996d1753118181d43e1a413960d3a1ec24b,779eeac5c753c141cb7e50b8454f42e666518a3b,cc-type-name-array,variable,23,C14,chapters/14-expressions-and-constant-evaluation.md,"Type-query handoff state for cast/sizeof shape or qualification, preserved where recursive parsing requires it; C15 identifies declaration-provider ownership. Richer native type-name production is planned for C23/G03.",https://github.com/delta9000/seed-forth/blob/7d7e1996d1753118181d43e1a413960d3a1ec24b/110-cc-decl.fth#L23
110-cc-decl.fth,7d7e1996d1753118181d43e1a413960d3a1ec24b,779eeac5c753c141cb7e50b8454f42e666518a3b,cc-type-name-inner,variable,24,C14,chapters/14-expressions-and-constant-evaluation.md,"Type-query handoff state for cast/sizeof shape or qualification, preserved where recursive parsing requires it; C15 identifies declaration-provider ownership. Richer native type-name production is planned for C23/G03.",https://github.com/delta9000/seed-forth/blob/7d7e1996d1753118181d43e1a413960d3a1ec24b/110-cc-decl.fth#L24
110-cc-decl.fth,7d7e1996d1753118181d43e1a413960d3a1ec24b,779eeac5c753c141cb7e50b8454f42e666518a3b,cc-native-float-types-default,colon,26,C15,chapters/15-declarations-and-recursive-records.md,"Native declaration/state interfaces, floating-spelling gate and slot-count frame limit; C14 uses type-query contracts. Full declarators and frame/provider context are planned for C23/G03/G04.",https://github.com/delta9000/seed-forth/blob/7d7e1996d1753118181d43e1a413960d3a1ec24b/110-cc-decl.fth#L26
110-cc-decl.fth,7d7e1996d1753118181d43e1a413960d3a1ec24b,779eeac5c753c141cb7e50b8454f42e666518a3b,cc-native-float-types-fwd,defer,27,C15,chapters/15-declarations-and-recursive-records.md,"Native declaration/state interfaces, floating-spelling gate and slot-count frame limit; C14 uses type-query contracts. Full declarators and frame/provider context are planned for C23/G03/G04.",https://github.com/delta9000/seed-forth/blob/7d7e1996d1753118181d43e1a413960d3a1ec24b/110-cc-decl.fth#L27
110-cc-decl.fth,7d7e1996d1753118181d43e1a413960d3a1ec24b,779eeac5c753c141cb7e50b8454f42e666518a3b,cc-native-frame-limit,variable,29,C15,chapters/15-declarations-and-recursive-records.md,"Native declaration/state interfaces, floating-spelling gate and slot-count frame limit; C14 uses type-query contracts. Full declarators and frame/provider context are planned for C23/G03/G04.",https://github.com/delta9000/seed-forth/blob/7d7e1996d1753118181d43e1a413960d3a1ec24b/110-cc-decl.fth#L29
110-cc-decl.fth,7d7e1996d1753118181d43e1a413960d3a1ec24b,779eeac5c753c141cb7e50b8454f42e666518a3b,cc-main-vaddr,variable,32,C15,chapters/15-declarations-and-recursive-records.md,Current function slot allocation and parser/entry handoff state; complete function/entry and file-scope consumers are planned for C18/C19.,https://github.com/delta9000/seed-forth/blob/7d7e1996d1753118181d43e1a413960d3a1ec24b/110-cc-decl.fth#L32
110-cc-decl.fth,7d7e1996d1753118181d43e1a413960d3a1ec24b,779eeac5c753c141cb7e50b8454f42e666518a3b,cc-call-main-patch,variable,33,C15,chapters/15-declarations-and-recursive-records.md,Current function slot allocation and parser/entry handoff state; complete function/entry and file-scope consumers are planned for C18/C19.,https://github.com/delta9000/seed-forth/blob/7d7e1996d1753118181d43e1a413960d3a1ec24b/110-cc-decl.fth#L33
110-cc-decl.fth,7d7e1996d1753118181d43e1a413960d3a1ec24b,779eeac5c753c141cb7e50b8454f42e666518a3b,cc-fn-local-count,variable,34,C15,chapters/15-declarations-and-recursive-records.md,Current function slot allocation and parser/entry handoff state; complete function/entry and file-scope consumers are planned for C18/C19.,https://github.com/delta9000/seed-forth/blob/7d7e1996d1753118181d43e1a413960d3a1ec24b/110-cc-decl.fth#L34
110-cc-decl.fth,7d7e1996d1753118181d43e1a413960d3a1ec24b,779eeac5c753c141cb7e50b8454f42e666518a3b,cc-frame-slots,constant,41,C15,chapters/15-declarations-and-recursive-records.md,Current function slot allocation and parser/entry handoff state; complete function/entry and file-scope consumers are planned for C18/C19.,https://github.com/delta9000/seed-forth/blob/7d7e1996d1753118181d43e1a413960d3a1ec24b/110-cc-decl.fth#L41
110-cc-decl.fth,7d7e1996d1753118181d43e1a413960d3a1ec24b,779eeac5c753c141cb7e50b8454f42e666518a3b,cc-fn-add-slots,colon,42,C15,chapters/15-declarations-and-recursive-records.md,Current function slot allocation and parser/entry handoff state; complete function/entry and file-scope consumers are planned for C18/C19.,https://github.com/delta9000/seed-forth/blob/7d7e1996d1753118181d43e1a413960d3a1ec24b/110-cc-decl.fth#L42
110-cc-decl.fth,7d7e1996d1753118181d43e1a413960d3a1ec24b,779eeac5c753c141cb7e50b8454f42e666518a3b,cc-pending-struct-desc,variable,52,C15,chapters/15-declarations-and-recursive-records.md,Current function slot allocation and parser/entry handoff state; complete function/entry and file-scope consumers are planned for C18/C19.,https://github.com/delta9000/seed-forth/blob/7d7e1996d1753118181d43e1a413960d3a1ec24b/110-cc-decl.fth#L52
110-cc-decl.fth,7d7e1996d1753118181d43e1a413960d3a1ec24b,779eeac5c753c141cb7e50b8454f42e666518a3b,cc-expect-kw-id,colon,63,C15,chapters/15-declarations-and-recursive-records.md,Consuming token expectations distinguish kind/payload failures without promising recovery; C14 reuses these helpers for casts and sizeof.,https://github.com/delta9000/seed-forth/blob/7d7e1996d1753118181d43e1a413960d3a1ec24b/110-cc-decl.fth#L63
110-cc-decl.fth,7d7e1996d1753118181d43e1a413960d3a1ec24b,779eeac5c753c141cb7e50b8454f42e666518a3b,cc-expect-punct-c,colon,74,C15,chapters/15-declarations-and-recursive-records.md,Consuming token expectations distinguish kind/payload failures without promising recovery; C14 reuses these helpers for casts and sizeof.,https://github.com/delta9000/seed-forth/blob/7d7e1996d1753118181d43e1a413960d3a1ec24b/110-cc-decl.fth#L74
110-cc-decl.fth,7d7e1996d1753118181d43e1a413960d3a1ec24b,779eeac5c753c141cb7e50b8454f42e666518a3b,cc-expect-ident,colon,85,C15,chapters/15-declarations-and-recursive-records.md,Consuming token expectations distinguish kind/payload failures without promising recovery; C14 reuses these helpers for casts and sizeof.,https://github.com/delta9000/seed-forth/blob/7d7e1996d1753118181d43e1a413960d3a1ec24b/110-cc-decl.fth#L85
110-cc-decl.fth,7d7e1996d1753118181d43e1a413960d3a1ec24b,779eeac5c753c141cb7e50b8454f42e666518a3b,cc-qualifier?,colon,98,C15,chapters/15-declarations-and-recursive-records.md,"Qualifier recognition/bit collection, no-op initial recorder and per-star scanning; C14 reuses the type-name scanner. Richer qualification contexts are planned for C23/G03.",https://github.com/delta9000/seed-forth/blob/7d7e1996d1753118181d43e1a413960d3a1ec24b/110-cc-decl.fth#L98
110-cc-decl.fth,7d7e1996d1753118181d43e1a413960d3a1ec24b,779eeac5c753c141cb7e50b8454f42e666518a3b,cc-qualifier-bit,colon,108,C15,chapters/15-declarations-and-recursive-records.md,"Qualifier recognition/bit collection, no-op initial recorder and per-star scanning; C14 reuses the type-name scanner. Richer qualification contexts are planned for C23/G03.",https://github.com/delta9000/seed-forth/blob/7d7e1996d1753118181d43e1a413960d3a1ec24b/110-cc-decl.fth#L108
110-cc-decl.fth,7d7e1996d1753118181d43e1a413960d3a1ec24b,779eeac5c753c141cb7e50b8454f42e666518a3b,cc-qual-note-noop,colon,115,C15,chapters/15-declarations-and-recursive-records.md,"Qualifier recognition/bit collection, no-op initial recorder and per-star scanning; C14 reuses the type-name scanner. Richer qualification contexts are planned for C23/G03.",https://github.com/delta9000/seed-forth/blob/7d7e1996d1753118181d43e1a413960d3a1ec24b/110-cc-decl.fth#L115
110-cc-decl.fth,7d7e1996d1753118181d43e1a413960d3a1ec24b,779eeac5c753c141cb7e50b8454f42e666518a3b,cc-qual-note,defer,116,C15,chapters/15-declarations-and-recursive-records.md,"Qualifier recognition/bit collection, no-op initial recorder and per-star scanning; C14 reuses the type-name scanner. Richer qualification contexts are planned for C23/G03.",https://github.com/delta9000/seed-forth/blob/7d7e1996d1753118181d43e1a413960d3a1ec24b/110-cc-decl.fth#L116
110-cc-decl.fth,7d7e1996d1753118181d43e1a413960d3a1ec24b,779eeac5c753c141cb7e50b8454f42e666518a3b,cc-prefix-qualified,variable,118,C15,chapters/15-declarations-and-recursive-records.md,"Qualifier recognition/bit collection, no-op initial recorder and per-star scanning; C14 reuses the type-name scanner. Richer qualification contexts are planned for C23/G03.",https://github.com/delta9000/seed-forth/blob/7d7e1996d1753118181d43e1a413960d3a1ec24b/110-cc-decl.fth#L118
110-cc-decl.fth,7d7e1996d1753118181d43e1a413960d3a1ec24b,779eeac5c753c141cb7e50b8454f42e666518a3b,cc-type-name-qualified,variable,119,C14,chapters/14-expressions-and-constant-evaluation.md,"Type-query handoff state for cast/sizeof shape or qualification, preserved where recursive parsing requires it; C15 identifies declaration-provider ownership. Richer native type-name production is planned for C23/G03.",https://github.com/delta9000/seed-forth/blob/7d7e1996d1753118181d43e1a413960d3a1ec24b/110-cc-decl.fth#L119
110-cc-decl.fth,7d7e1996d1753118181d43e1a413960d3a1ec24b,779eeac5c753c141cb7e50b8454f42e666518a3b,cc-skip-qualifiers,colon,121,C15,chapters/15-declarations-and-recursive-records.md,"Qualifier recognition/bit collection, no-op initial recorder and per-star scanning; C14 reuses the type-name scanner. Richer qualification contexts are planned for C23/G03.",https://github.com/delta9000/seed-forth/blob/7d7e1996d1753118181d43e1a413960d3a1ec24b/110-cc-decl.fth#L121
110-cc-decl.fth,7d7e1996d1753118181d43e1a413960d3a1ec24b,779eeac5c753c141cb7e50b8454f42e666518a3b,cc-count-stars,colon,132,C15,chapters/15-declarations-and-recursive-records.md,"Qualifier recognition/bit collection, no-op initial recorder and per-star scanning; C14 reuses the type-name scanner. Richer qualification contexts are planned for C23/G03.",https://github.com/delta9000/seed-forth/blob/7d7e1996d1753118181d43e1a413960d3a1ec24b/110-cc-decl.fth#L132
110-cc-decl.fth,7d7e1996d1753118181d43e1a413960d3a1ec24b,779eeac5c753c141cb7e50b8454f42e666518a3b,cc-decl-static,variable,152,C15,chapters/15-declarations-and-recursive-records.md,"Per-declaration storage/qualifier reset and scanning, plus optional enum type tag; recorded prefix facts differ from each legacy/native consumer. Enumerator production is planned for C19.",https://github.com/delta9000/seed-forth/blob/7d7e1996d1753118181d43e1a413960d3a1ec24b/110-cc-decl.fth#L152
110-cc-decl.fth,7d7e1996d1753118181d43e1a413960d3a1ec24b,779eeac5c753c141cb7e50b8454f42e666518a3b,cc-decl-extern,variable,153,C15,chapters/15-declarations-and-recursive-records.md,"Per-declaration storage/qualifier reset and scanning, plus optional enum type tag; recorded prefix facts differ from each legacy/native consumer. Enumerator production is planned for C19.",https://github.com/delta9000/seed-forth/blob/7d7e1996d1753118181d43e1a413960d3a1ec24b/110-cc-decl.fth#L153
110-cc-decl.fth,7d7e1996d1753118181d43e1a413960d3a1ec24b,779eeac5c753c141cb7e50b8454f42e666518a3b,cc-decl-storage,variable,154,C15,chapters/15-declarations-and-recursive-records.md,"Per-declaration storage/qualifier reset and scanning, plus optional enum type tag; recorded prefix facts differ from each legacy/native consumer. Enumerator production is planned for C19.",https://github.com/delta9000/seed-forth/blob/7d7e1996d1753118181d43e1a413960d3a1ec24b/110-cc-decl.fth#L154
110-cc-decl.fth,7d7e1996d1753118181d43e1a413960d3a1ec24b,779eeac5c753c141cb7e50b8454f42e666518a3b,cc-skip-storage-quals,colon,156,C15,chapters/15-declarations-and-recursive-records.md,"Per-declaration storage/qualifier reset and scanning, plus optional enum type tag; recorded prefix facts differ from each legacy/native consumer. Enumerator production is planned for C19.",https://github.com/delta9000/seed-forth/blob/7d7e1996d1753118181d43e1a413960d3a1ec24b/110-cc-decl.fth#L156
110-cc-decl.fth,7d7e1996d1753118181d43e1a413960d3a1ec24b,779eeac5c753c141cb7e50b8454f42e666518a3b,cc-skip-enum-tag,colon,188,C15,chapters/15-declarations-and-recursive-records.md,"Per-declaration storage/qualifier reset and scanning, plus optional enum type tag; recorded prefix facts differ from each legacy/native consumer. Enumerator production is planned for C19.",https://github.com/delta9000/seed-forth/blob/7d7e1996d1753118181d43e1a413960d3a1ec24b/110-cc-decl.fth#L188
110-cc-decl.fth,7d7e1996d1753118181d43e1a413960d3a1ec24b,779eeac5c753c141cb7e50b8454f42e666518a3b,cc-sd-build-desc,variable,200,C15,chapters/15-declarations-and-recursive-records.md,One active record-construction context and field append into a stable descriptor; legacy count/size and generated field offsets are distinct from metadata storage sizes.,https://github.com/delta9000/seed-forth/blob/7d7e1996d1753118181d43e1a413960d3a1ec24b/110-cc-decl.fth#L200
110-cc-decl.fth,7d7e1996d1753118181d43e1a413960d3a1ec24b,779eeac5c753c141cb7e50b8454f42e666518a3b,cc-sd-build-fname-a,variable,201,C15,chapters/15-declarations-and-recursive-records.md,One active record-construction context and field append into a stable descriptor; legacy count/size and generated field offsets are distinct from metadata storage sizes.,https://github.com/delta9000/seed-forth/blob/7d7e1996d1753118181d43e1a413960d3a1ec24b/110-cc-decl.fth#L201
110-cc-decl.fth,7d7e1996d1753118181d43e1a413960d3a1ec24b,779eeac5c753c141cb7e50b8454f42e666518a3b,cc-sd-build-fname-u,variable,202,C15,chapters/15-declarations-and-recursive-records.md,One active record-construction context and field append into a stable descriptor; legacy count/size and generated field offsets are distinct from metadata storage sizes.,https://github.com/delta9000/seed-forth/blob/7d7e1996d1753118181d43e1a413960d3a1ec24b/110-cc-decl.fth#L202
110-cc-decl.fth,7d7e1996d1753118181d43e1a413960d3a1ec24b,779eeac5c753c141cb7e50b8454f42e666518a3b,cc-sd-build-field-ty,variable,203,C15,chapters/15-declarations-and-recursive-records.md,One active record-construction context and field append into a stable descriptor; legacy count/size and generated field offsets are distinct from metadata storage sizes.,https://github.com/delta9000/seed-forth/blob/7d7e1996d1753118181d43e1a413960d3a1ec24b/110-cc-decl.fth#L203
110-cc-decl.fth,7d7e1996d1753118181d43e1a413960d3a1ec24b,779eeac5c753c141cb7e50b8454f42e666518a3b,cc-sd-build-field-desc,variable,204,C15,chapters/15-declarations-and-recursive-records.md,One active record-construction context and field append into a stable descriptor; legacy count/size and generated field offsets are distinct from metadata storage sizes.,https://github.com/delta9000/seed-forth/blob/7d7e1996d1753118181d43e1a413960d3a1ec24b/110-cc-decl.fth#L204
110-cc-decl.fth,7d7e1996d1753118181d43e1a413960d3a1ec24b,779eeac5c753c141cb7e50b8454f42e666518a3b,cc-sd-append-field,colon,211,C15,chapters/15-declarations-and-recursive-records.md,One active record-construction context and field append into a stable descriptor; legacy count/size and generated field offsets are distinct from metadata storage sizes.,https://github.com/delta9000/seed-forth/blob/7d7e1996d1753118181d43e1a413960d3a1ec24b/110-cc-decl.fth#L211
110-cc-decl.fth,7d7e1996d1753118181d43e1a413960d3a1ec24b,779eeac5c753c141cb7e50b8454f42e666518a3b,cc-lookup-struct-tag,colon,235,C15,chapters/15-declarations-and-recursive-records.md,Strict versus soft tag lookup; an absent descriptor returns zero without allocating a future identity. C14 reuses type-name lookup and C12 consumes descriptors.,https://github.com/delta9000/seed-forth/blob/7d7e1996d1753118181d43e1a413960d3a1ec24b/110-cc-decl.fth#L235
110-cc-decl.fth,7d7e1996d1753118181d43e1a413960d3a1ec24b,779eeac5c753c141cb7e50b8454f42e666518a3b,cc-lookup-struct-tag-soft,colon,255,C15,chapters/15-declarations-and-recursive-records.md,Strict versus soft tag lookup; an absent descriptor returns zero without allocating a future identity. C14 reuses type-name lookup and C12 consumes descriptors.,https://github.com/delta9000/seed-forth/blob/7d7e1996d1753118181d43e1a413960d3a1ec24b/110-cc-decl.fth#L255
110-cc-decl.fth,7d7e1996d1753118181d43e1a413960d3a1ec24b,779eeac5c753c141cb7e50b8454f42e666518a3b,cc-parse-struct-def,colon,271,C15,chapters/15-declarations-and-recursive-records.md,"Pre-register the stable record identity before fields, append bounded legacy member forms and close the definition; self-reference is data recursion. Native incomplete-tag completion is planned for C23/G03.",https://github.com/delta9000/seed-forth/blob/7d7e1996d1753118181d43e1a413960d3a1ec24b/110-cc-decl.fth#L271
110-cc-decl.fth,7d7e1996d1753118181d43e1a413960d3a1ec24b,779eeac5c753c141cb7e50b8454f42e666518a3b,cc-peek-fnptr?,colon,372,C15,chapters/15-declarations-and-recursive-records.md,Two-token function-pointer lookahead with complete lexer reset and balanced parameter-token skipping; this does not construct a checked signature. Native signature work is planned for G03.,https://github.com/delta9000/seed-forth/blob/7d7e1996d1753118181d43e1a413960d3a1ec24b/110-cc-decl.fth#L372
110-cc-decl.fth,7d7e1996d1753118181d43e1a413960d3a1ec24b,779eeac5c753c141cb7e50b8454f42e666518a3b,cc-skip-fnptr-params,colon,388,C15,chapters/15-declarations-and-recursive-records.md,Two-token function-pointer lookahead with complete lexer reset and balanced parameter-token skipping; this does not construct a checked signature. Native signature work is planned for G03.,https://github.com/delta9000/seed-forth/blob/7d7e1996d1753118181d43e1a413960d3a1ec24b/110-cc-decl.fth#L388
110-cc-decl.fth,7d7e1996d1753118181d43e1a413960d3a1ec24b,779eeac5c753c141cb7e50b8454f42e666518a3b,cc-parse-fnptr-decl,colon,412,C15,chapters/15-declarations-and-recursive-records.md,"Restricted local function-pointer declaration, one-slot allocation and optional runtime initializer; C14 consumes the resulting local symbol in indirect calls.",https://github.com/delta9000/seed-forth/blob/7d7e1996d1753118181d43e1a413960d3a1ec24b/110-cc-decl.fth#L412
110-cc-decl.fth,7d7e1996d1753118181d43e1a413960d3a1ec24b,779eeac5c753c141cb7e50b8454f42e666518a3b,cc-decl-base,variable,448,C15,chapters/15-declarations-and-recursive-records.md,Scalar/pointer/array declarator and local-static storage paths; distinguish runtime from builder-time initialization and current-token exit ownership. C14 supplies expression/constant parsing.,https://github.com/delta9000/seed-forth/blob/7d7e1996d1753118181d43e1a413960d3a1ec24b/110-cc-decl.fth#L448
110-cc-decl.fth,7d7e1996d1753118181d43e1a413960d3a1ec24b,779eeac5c753c141cb7e50b8454f42e666518a3b,cc-parse-local-declarator,colon,462,C15,chapters/15-declarations-and-recursive-records.md,Scalar/pointer/array declarator and local-static storage paths; distinguish runtime from builder-time initialization and current-token exit ownership. C14 supplies expression/constant parsing.,https://github.com/delta9000/seed-forth/blob/7d7e1996d1753118181d43e1a413960d3a1ec24b/110-cc-decl.fth#L462
110-cc-decl.fth,7d7e1996d1753118181d43e1a413960d3a1ec24b,779eeac5c753c141cb7e50b8454f42e666518a3b,cc-parse-decl-with-base,colon,513,C15,chapters/15-declarations-and-recursive-records.md,"Per-name initial pointer depth, function-pointer detour and comma-declarator loop; the terminating semicolon is already current.",https://github.com/delta9000/seed-forth/blob/7d7e1996d1753118181d43e1a413960d3a1ec24b/110-cc-decl.fth#L513
110-cc-decl.fth,7d7e1996d1753118181d43e1a413960d3a1ec24b,779eeac5c753c141cb7e50b8454f42e666518a3b,cc-tok-is-basic-type-kw?,colon,534,C15,chapters/15-declarations-and-recursive-records.md,Bounded legacy basic-type spellings and declaration entry; LP64 statement dispatch selects the native provider before these cases. Richer type grammar is planned for C23/G03.,https://github.com/delta9000/seed-forth/blob/7d7e1996d1753118181d43e1a413960d3a1ec24b/110-cc-decl.fth#L534
110-cc-decl.fth,7d7e1996d1753118181d43e1a413960d3a1ec24b,779eeac5c753c141cb7e50b8454f42e666518a3b,cc-more-type-kws,colon,548,C15,chapters/15-declarations-and-recursive-records.md,Bounded legacy basic-type spellings and declaration entry; LP64 statement dispatch selects the native provider before these cases. Richer type grammar is planned for C23/G03.,https://github.com/delta9000/seed-forth/blob/7d7e1996d1753118181d43e1a413960d3a1ec24b/110-cc-decl.fth#L548
110-cc-decl.fth,7d7e1996d1753118181d43e1a413960d3a1ec24b,779eeac5c753c141cb7e50b8454f42e666518a3b,cc-parse-decl,colon,564,C15,chapters/15-declarations-and-recursive-records.md,Bounded legacy basic-type spellings and declaration entry; LP64 statement dispatch selects the native provider before these cases. Richer type grammar is planned for C23/G03.,https://github.com/delta9000/seed-forth/blob/7d7e1996d1753118181d43e1a413960d3a1ec24b/110-cc-decl.fth#L564
110-cc-decl.fth,7d7e1996d1753118181d43e1a413960d3a1ec24b,779eeac5c753c141cb7e50b8454f42e666518a3b,cc-cast-desc,variable,582,C14,chapters/14-expressions-and-constant-evaluation.md,"Type-start/type-name handshake for casts and sizeof, including descriptor publication and following-token ownership; C15 reuses it. Native declarator grammar is planned for C23/G03.",https://github.com/delta9000/seed-forth/blob/7d7e1996d1753118181d43e1a413960d3a1ec24b/110-cc-decl.fth#L582
110-cc-decl.fth,7d7e1996d1753118181d43e1a413960d3a1ec24b,779eeac5c753c141cb7e50b8454f42e666518a3b,cc-type-start?,colon,585,C14,chapters/14-expressions-and-constant-evaluation.md,"Type-start/type-name handshake for casts and sizeof, including descriptor publication and following-token ownership; C15 reuses it. Native declarator grammar is planned for C23/G03.",https://github.com/delta9000/seed-forth/blob/7d7e1996d1753118181d43e1a413960d3a1ec24b/110-cc-decl.fth#L585
110-cc-decl.fth,7d7e1996d1753118181d43e1a413960d3a1ec24b,779eeac5c753c141cb7e50b8454f42e666518a3b,cc-parse-type-name,colon,596,C14,chapters/14-expressions-and-constant-evaluation.md,"Type-start/type-name handshake for casts and sizeof, including descriptor publication and following-token ownership; C15 reuses it. Native declarator grammar is planned for C23/G03.",https://github.com/delta9000/seed-forth/blob/7d7e1996d1753118181d43e1a413960d3a1ec24b/110-cc-decl.fth#L596
110-cc-decl.fth,7d7e1996d1753118181d43e1a413960d3a1ec24b,779eeac5c753c141cb7e50b8454f42e666518a3b,cc-cast-types-default,colon,630,C14,chapters/14-expressions-and-constant-evaluation.md,"Nested-cast destination snapshots, policy versus conversion hooks and null-provenance default; C15 recalls the interface. Full native legality/providers are planned for G03/G09/G15.",https://github.com/delta9000/seed-forth/blob/7d7e1996d1753118181d43e1a413960d3a1ec24b/110-cc-decl.fth#L630
110-cc-decl.fth,7d7e1996d1753118181d43e1a413960d3a1ec24b,779eeac5c753c141cb7e50b8454f42e666518a3b,cc-cast-types-fwd,defer,631,C14,chapters/14-expressions-and-constant-evaluation.md,"Nested-cast destination snapshots, policy versus conversion hooks and null-provenance default; C15 recalls the interface. Full native legality/providers are planned for G03/G09/G15.",https://github.com/delta9000/seed-forth/blob/7d7e1996d1753118181d43e1a413960d3a1ec24b/110-cc-decl.fth#L631
110-cc-decl.fth,7d7e1996d1753118181d43e1a413960d3a1ec24b,779eeac5c753c141cb7e50b8454f42e666518a3b,cc-cast-value-default,colon,634,C14,chapters/14-expressions-and-constant-evaluation.md,"Nested-cast destination snapshots, policy versus conversion hooks and null-provenance default; C15 recalls the interface. Full native legality/providers are planned for G03/G09/G15.",https://github.com/delta9000/seed-forth/blob/7d7e1996d1753118181d43e1a413960d3a1ec24b/110-cc-decl.fth#L634
110-cc-decl.fth,7d7e1996d1753118181d43e1a413960d3a1ec24b,779eeac5c753c141cb7e50b8454f42e666518a3b,cc-cast-value-fwd,defer,635,C14,chapters/14-expressions-and-constant-evaluation.md,"Nested-cast destination snapshots, policy versus conversion hooks and null-provenance default; C15 recalls the interface. Full native legality/providers are planned for G03/G09/G15.",https://github.com/delta9000/seed-forth/blob/7d7e1996d1753118181d43e1a413960d3a1ec24b/110-cc-decl.fth#L635
110-cc-decl.fth,7d7e1996d1753118181d43e1a413960d3a1ec24b,779eeac5c753c141cb7e50b8454f42e666518a3b,cc-cast-null-default,colon,638,C14,chapters/14-expressions-and-constant-evaluation.md,"Nested-cast destination snapshots, policy versus conversion hooks and null-provenance default; C15 recalls the interface. Full native legality/providers are planned for G03/G09/G15.",https://github.com/delta9000/seed-forth/blob/7d7e1996d1753118181d43e1a413960d3a1ec24b/110-cc-decl.fth#L638
110-cc-decl.fth,7d7e1996d1753118181d43e1a413960d3a1ec24b,779eeac5c753c141cb7e50b8454f42e666518a3b,cc-cast-null-fwd,defer,639,C14,chapters/14-expressions-and-constant-evaluation.md,"Nested-cast destination snapshots, policy versus conversion hooks and null-provenance default; C15 recalls the interface. Full native legality/providers are planned for G03/G09/G15.",https://github.com/delta9000/seed-forth/blob/7d7e1996d1753118181d43e1a413960d3a1ec24b/110-cc-decl.fth#L639
110-cc-decl.fth,7d7e1996d1753118181d43e1a413960d3a1ec24b,779eeac5c753c141cb7e50b8454f42e666518a3b,cc-try-cast,colon,642,C14,chapters/14-expressions-and-constant-evaluation.md,"Nested-cast destination snapshots, policy versus conversion hooks and null-provenance default; C15 recalls the interface. Full native legality/providers are planned for G03/G09/G15.",https://github.com/delta9000/seed-forth/blob/7d7e1996d1753118181d43e1a413960d3a1ec24b/110-cc-decl.fth#L642
110-cc-decl.fth,7d7e1996d1753118181d43e1a413960d3a1ec24b,779eeac5c753c141cb7e50b8454f42e666518a3b,cc-sld-desc,variable,690,C15,chapters/15-declarations-and-recursive-records.md,"Known-record local declaration: one pointer slot versus descriptor-size object slots, deepest-slot base and supported initializer branch; C12 consumes the resulting place metadata.",https://github.com/delta9000/seed-forth/blob/7d7e1996d1753118181d43e1a413960d3a1ec24b/110-cc-decl.fth#L690
110-cc-decl.fth,7d7e1996d1753118181d43e1a413960d3a1ec24b,779eeac5c753c141cb7e50b8454f42e666518a3b,cc-sld-ptr-depth,variable,691,C15,chapters/15-declarations-and-recursive-records.md,"Known-record local declaration: one pointer slot versus descriptor-size object slots, deepest-slot base and supported initializer branch; C12 consumes the resulting place metadata.",https://github.com/delta9000/seed-forth/blob/7d7e1996d1753118181d43e1a413960d3a1ec24b/110-cc-decl.fth#L691
110-cc-decl.fth,7d7e1996d1753118181d43e1a413960d3a1ec24b,779eeac5c753c141cb7e50b8454f42e666518a3b,cc-sld-name-a,variable,692,C15,chapters/15-declarations-and-recursive-records.md,"Known-record local declaration: one pointer slot versus descriptor-size object slots, deepest-slot base and supported initializer branch; C12 consumes the resulting place metadata.",https://github.com/delta9000/seed-forth/blob/7d7e1996d1753118181d43e1a413960d3a1ec24b/110-cc-decl.fth#L692
110-cc-decl.fth,7d7e1996d1753118181d43e1a413960d3a1ec24b,779eeac5c753c141cb7e50b8454f42e666518a3b,cc-sld-name-u,variable,693,C15,chapters/15-declarations-and-recursive-records.md,"Known-record local declaration: one pointer slot versus descriptor-size object slots, deepest-slot base and supported initializer branch; C12 consumes the resulting place metadata.",https://github.com/delta9000/seed-forth/blob/7d7e1996d1753118181d43e1a413960d3a1ec24b/110-cc-decl.fth#L693
110-cc-decl.fth,7d7e1996d1753118181d43e1a413960d3a1ec24b,779eeac5c753c141cb7e50b8454f42e666518a3b,cc-parse-struct-local-decl,colon,695,C15,chapters/15-declarations-and-recursive-records.md,"Known-record local declaration: one pointer slot versus descriptor-size object slots, deepest-slot base and supported initializer branch; C12 consumes the resulting place metadata.",https://github.com/delta9000/seed-forth/blob/7d7e1996d1753118181d43e1a413960d3a1ec24b/110-cc-decl.fth#L695
110-cc-decl.fth,7d7e1996d1753118181d43e1a413960d3a1ec24b,779eeac5c753c141cb7e50b8454f42e666518a3b,cc-switch-depth,variable,759,C15,chapters/15-declarations-and-recursive-records.md,"Current local reading of switch-depth state and the N-times POP RBX emitter; complete switch obligation creation and exit-count ownership are planned for C17, with whole-frame integration planned for C18.",https://github.com/delta9000/seed-forth/blob/7d7e1996d1753118181d43e1a413960d3a1ec24b/110-cc-decl.fth#L759
110-cc-decl.fth,7d7e1996d1753118181d43e1a413960d3a1ec24b,779eeac5c753c141cb7e50b8454f42e666518a3b,cc-loop-switch-depth,variable,760,C15,chapters/15-declarations-and-recursive-records.md,"Current local reading of switch-depth state and the N-times POP RBX emitter; complete switch obligation creation and exit-count ownership are planned for C17, with whole-frame integration planned for C18.",https://github.com/delta9000/seed-forth/blob/7d7e1996d1753118181d43e1a413960d3a1ec24b/110-cc-decl.fth#L760
110-cc-decl.fth,7d7e1996d1753118181d43e1a413960d3a1ec24b,779eeac5c753c141cb7e50b8454f42e666518a3b,cc-emit-switch-unwind,colon,763,C15,chapters/15-declarations-and-recursive-records.md,"Current local reading of switch-depth state and the N-times POP RBX emitter; complete switch obligation creation and exit-count ownership are planned for C17, with whole-frame integration planned for C18.",https://github.com/delta9000/seed-forth/blob/7d7e1996d1753118181d43e1a413960d3a1ec24b/110-cc-decl.fth#L763
110-cc-decl.fth,7d7e1996d1753118181d43e1a413960d3a1ec24b,779eeac5c753c141cb7e50b8454f42e666518a3b,cc-value-return-fwd,defer,778,C15,chapters/15-declarations-and-recursive-records.md,"Current complete local return reading: bare/value token paths, shape/conversion/result callback, switch unwind and epilogue order. C17 switch context and C18 complete frame/return ownership are planned continuations.",https://github.com/delta9000/seed-forth/blob/7d7e1996d1753118181d43e1a413960d3a1ec24b/110-cc-decl.fth#L778
110-cc-decl.fth,7d7e1996d1753118181d43e1a413960d3a1ec24b,779eeac5c753c141cb7e50b8454f42e666518a3b,cc-return-shape-default,colon,781,C15,chapters/15-declarations-and-recursive-records.md,"Current complete local return reading: bare/value token paths, shape/conversion/result callback, switch unwind and epilogue order. C17 switch context and C18 complete frame/return ownership are planned continuations.",https://github.com/delta9000/seed-forth/blob/7d7e1996d1753118181d43e1a413960d3a1ec24b/110-cc-decl.fth#L781
110-cc-decl.fth,7d7e1996d1753118181d43e1a413960d3a1ec24b,779eeac5c753c141cb7e50b8454f42e666518a3b,cc-return-shape-fwd,defer,782,C15,chapters/15-declarations-and-recursive-records.md,"Current complete local return reading: bare/value token paths, shape/conversion/result callback, switch unwind and epilogue order. C17 switch context and C18 complete frame/return ownership are planned continuations.",https://github.com/delta9000/seed-forth/blob/7d7e1996d1753118181d43e1a413960d3a1ec24b/110-cc-decl.fth#L782
110-cc-decl.fth,7d7e1996d1753118181d43e1a413960d3a1ec24b,779eeac5c753c141cb7e50b8454f42e666518a3b,cc-parse-return,colon,785,C15,chapters/15-declarations-and-recursive-records.md,"Current complete local return reading: bare/value token paths, shape/conversion/result callback, switch unwind and epilogue order. C17 switch context and C18 complete frame/return ownership are planned continuations.",https://github.com/delta9000/seed-forth/blob/7d7e1996d1753118181d43e1a413960d3a1ec24b/110-cc-decl.fth#L785
110-cc-decl.fth,7d7e1996d1753118181d43e1a413960d3a1ec24b,779eeac5c753c141cb7e50b8454f42e666518a3b,cc-native-sizeof-type,colon,806,C14,chapters/14-expressions-and-constant-evaluation.md,Final sizeof type-name adapter returns encoded type and descriptor and closes the cross-file query bindings; C15 recalls the handoff. Richer native type providers are planned for C23/G03.,https://github.com/delta9000/seed-forth/blob/7d7e1996d1753118181d43e1a413960d3a1ec24b/110-cc-decl.fth#L806
